date,close,pe
20210727,4803.4369,
20210728,4750.0305,
20210729,4799.0508,
20210730,4858.4323,
20210802,4870.7121,
20210803,4812.4302,
20210804,4886.6957,
20210805,4856.8873,
20210806,4882.5564,
20210809,4950.7131,
20210810,4959.3887,
20210811,5036.9275,
20210812,5101.5779,
20210813,5108.1028,
20210816,5108.3711,
20210817,5011.6733,
20210818,5043.6715,
20210819,5014.928,
20210820,5022.0882,
20210823,5080.2207,
20210824,5122.6226,
20210825,5184.7879,
20210826,5205.1769,
20210827,5240.6388,
