date,cn10y
20130104,3.6062
20130105,3.6003
20130106,3.595
20130107,3.5965
20130108,3.5943
20130109,3.575
20130110,3.595
20130111,3.5999
20130114,3.6023
20130115,3.6008
20130116,3.6047
20130117,3.5986
20130118,3.5834
20130121,3.5743
20130122,3.5705
20130123,3.5682
20130124,3.5816
20130125,3.5837
20130128,3.6042
20130129,3.6116
20130130,3.6053
20130131,3.6054
20130201,3.6004
20130204,3.6016
20130205,3.591
20130206,3.5922
20130207,3.5928
20130208,3.5859
20130216,3.5922
20130217,3.5847
20130218,3.5929
20130219,3.5931
20130220,3.5632
20130221,3.5623
20130222,3.5708
20130225,3.5821
20130226,3.5948
20130227,3.5904
20130228,3.5957
20130301,3.5878
20130304,3.5785
20130305,3.576
20130306,3.5802
20130307,3.5813
20130308,3.5816
20130311,3.583
20130312,3.5897
20130313,3.5898
20130314,3.5919
20130315,3.5919
20130318,3.5971
20130319,3.5922
20130320,3.5722
20130321,3.5819
20130322,3.5816
20130325,3.577
20130326,3.5717
20130327,3.5611
20130328,3.5505
20130329,3.5392
20130401,3.5303
20130402,3.5106
20130403,3.5005
20130407,3.4907
20130408,3.4905
20130409,3.4705
20130410,3.4624
20130411,3.4705
20130412,3.4655
20130415,3.4405
20130416,3.4005
20130417,3.4131
20130418,3.4431
20130419,3.4503
20130422,3.4867
20130423,3.4629
20130424,3.4498
20130425,3.4314
20130426,3.4313
20130427,3.4311
20130428,3.4314
20130502,3.4119
20130503,3.4212
20130506,3.4354
20130507,3.4261
20130508,3.4345
20130509,3.4317
20130510,3.4212
20130513,3.4238
20130514,3.4248
20130515,3.4218
20130516,3.4219
20130517,3.4213
20130520,3.4253
20130521,3.4253
20130522,3.4153
20130523,3.413
20130524,3.4181
20130527,3.4166
20130528,3.4206
20130529,3.434
20130530,3.434
20130531,3.4399
20130603,3.4478
20130604,3.4603
20130605,3.4615
20130606,3.4651
20130607,3.4822
20130608,3.4822
20130609,3.4491
20130613,3.4591
20130614,3.4689
20130617,3.4785
20130618,3.4818
20130619,3.5516
20130620,3.7016
20130621,3.6014
20130624,3.5999
20130625,3.5999
20130626,3.55
20130627,3.5231
20130628,3.5125
20130701,3.5245
20130702,3.5243
20130703,3.5302
20130704,3.5102
20130705,3.5127
20130708,3.5177
20130709,3.5202
20130710,3.5802
20130711,3.5902
20130712,3.6001
20130715,3.6102
20130716,3.619
20130717,3.669
20130718,3.6903
20130719,3.7051
20130722,3.7401
20130723,3.7602
20130724,3.7952
20130725,3.7102
20130726,3.7152
20130729,3.7228
20130730,3.7227
20130731,3.7214
20130801,3.7053
20130802,3.7034
20130805,3.7104
20130806,3.7153
20130807,3.7703
20130808,3.8455
20130809,3.8407
20130812,3.8513
20130813,3.9252
20130814,3.9516
20130815,3.9602
20130816,3.9401
20130819,4.0103
20130820,4.0881
20130821,4.0382
20130822,4.0302
20130823,3.9916
20130826,3.9555
20130827,3.9654
20130828,4.0222
20130829,4.03
20130830,4.0354
20130902,4.0356
20130903,4.0404
20130904,4.055
20130905,4.055
20130906,4.0455
20130909,4.055
20130910,4.065
20130911,4.1341
20130912,4.1291
20130913,4.1406
20130916,4.1201
20130917,4.0721
20130918,4.0502
20130922,3.9851
20130923,4.0095
20130924,4.0201
20130925,4.0202
20130926,3.9901
20130927,4.0002
20130929,4.0002
20130930,3.9954
20131008,3.9903
20131009,4.0316
20131010,4.0166
20131011,4.0265
20131012,4.0263
20131014,4.0663
20131015,4.0791
20131016,4.0966
20131017,4.0966
20131018,4.1055
20131021,4.1105
20131022,4.1305
20131023,4.1491
20131024,4.194
20131025,4.214
20131028,4.204
20131029,4.2173
20131030,4.2173
20131031,4.1806
20131101,4.1556
20131104,4.1731
20131105,4.2106
20131106,4.2206
20131107,4.2945
20131108,4.3186
20131111,4.4034
20131112,4.4146
20131113,4.4628
20131114,4.5006
20131115,4.6006
20131118,4.6619
20131119,4.6722
20131120,4.7222
20131121,4.7009
20131122,4.6509
20131125,4.6159
20131126,4.6059
20131127,4.5511
20131128,4.4313
20131129,4.3612
20131202,4.4812
20131203,4.4412
20131204,4.4262
20131205,4.4962
20131206,4.5162
20131209,4.5413
20131210,4.6012
20131211,4.6213
20131212,4.5913
20131213,4.5411
20131216,4.5539
20131217,4.5639
20131218,4.5814
20131219,4.6016
20131220,4.6016
20131223,4.6017
20131224,4.5566
20131225,4.5666
20131226,4.5579
20131227,4.5437
20131230,4.5437
20131231,4.5518
