date,close
20050101,992.81
20050104,992.81
20050105,1013.16
20050106,1005.79
20050107,1009.84
20050110,1018.44
20050111,1024.43
20050112,1020.08
20050113,1020.3
20050114,1004.51
20050117,975.22
20050118,991.48
20050119,978.78
20050120,958.59
20050121,976.98
20050124,997.47
20050125,979.07
20050126,976.7
20050127,958.86
20050128,940.9
20050131,911.14
20050201,902.72
20050202,957.42
20050203,937.32
20050204,953.63
20050216,960.43
20050217,961.8
20050218,951.79
20050221,975.15
20050222,1014.33
20050223,1032.61
20050224,1032.58
20050225,1032.92
20050228,1027.71
20050301,1027.13
20050302,1010.2
20050303,1018.33
20050304,1012.4
20050307,1012.72
20050308,1041.27
20050309,1046.01
20050310,1014.31
20050311,1025.27
20050314,1017.29
20050315,1001.59
20050316,987.4
20050317,970.25
20050318,953.03
20050321,958.83
20050322,929.37
20050323,929.39
20050324,937.65
20050325,929.38
20050328,916.23
20050329,907.77
20050330,876.79
20050331,885.53
20050401,916.38
20050404,892.94
20050405,880.74
20050406,896.96
20050407,913.09
20050408,932.64
20050411,935.7
20050412,911.27
20050413,931.62
20050414,916.92
20050415,889.33
20050418,875.37
20050419,870.21
20050420,850.2
20050421,835.48
20050422,817.02
20050425,801.43
20050426,816.77
20050427,794.14
20050428,817.51
20050429,808.16
20050509,774.28
20050510,773.01
20050511,774.56
20050512,772.39
20050513,784.03
20050516,780.3
20050517,791.5
20050518,799.26
20050519,798.42
20050520,791.35
20050523,760.66
20050524,778.79
20050525,782.2
20050526,775.4
20050527,769.62
20050530,778.86
20050531,777.3
20050601,760.28
20050602,756.79
20050603,758.6
20050606,768.48
20050607,771.62
20050608,833.42
20050609,844.32
20050610,827.86
20050613,831.41
20050614,811.74
20050615,799.4
20050616,810.41
20050617,805.29
20050620,834.28
20050621,829.24
20050622,838.24
20050623,821.6
20050624,828.62
20050627,856.38
20050628,838.06
20050629,834.47
20050630,811.02
20050701,779.97
20050704,771.9
20050705,766.8
20050706,766.41
20050707,771.07
20050708,743.04
20050711,733.67
20050712,764.85
20050713,755.14
20050714,759.48
20050715,737.07
20050718,715.63
20050719,724.69
20050720,729.27
20050721,729.37
20050722,745.01
20050725,739.87
20050726,754.82
20050727,771.63
20050728,773.96
20050729,770.97
20050801,780.66
20050802,790.9
20050803,798.68
20050804,796.81
20050805,827.17
20050808,839.5
20050809,854.49
20050810,864.65
20050811,875.12
20050812,869.34
20050815,898.58
20050816,894.84
20050817,917.63
20050818,878.66
20050819,873.2
20050822,883.65
20050823,871.69
20050824,884.04
20050825,891.65
20050826,896.67
20050829,880.88
20050830,877.49
20050831,899.22
20050901,916.44
20050902,930.45
20050905,938.55
20050906,905.07
20050907,935.8
20050908,940.61
20050909,934.03
20050912,942.14
20050913,963.2
20050914,973.96
20050915,975.45
20050916,977.94
20050919,989.93
20050920,988.44
20050921,974.61
20050922,939.5
20050923,925.54
20050926,934.74
20050927,916.98
20050928,917.6
20050929,929.79
20050930,922.02
20051010,912.11
20051011,931.5
20051012,944.23
20051013,941.71
20051014,933.1
20051017,936.26
20051018,950.12
20051019,945.97
20051020,946.79
20051021,955.61
20051024,958.48
20051025,937.06
20051026,921.88
20051027,905.28
20051028,879.77
20051031,884.93
20051101,884.33
20051102,902.87
20051103,891.79
20051104,900.52
20051107,913.2
20051108,922.58
20051109,922.49
20051110,895.13
20051111,902.35
20051114,904.82
20051115,897.13
20051116,904.69
20051117,904.23
20051118,926.4
20051121,930.61
20051122,908.35
20051123,916.44
20051124,919.65
20051125,922.55
20051128,919.08
20051129,908.34
20051130,916.8
20051201,911.52
20051202,898.33
20051205,865.52
20051206,868.35
20051207,878.45
20051208,875.82
20051209,893.36
20051212,897.7
20051213,895.42
20051214,906.63
20051215,897.73
20051216,907.61
20051219,911.18
20051220,912.83
20051221,898.56
20051222,903.79
20051223,914.79
20051226,923.71
20051227,924.63
20051228,928.65
20051229,943.07
20051230,931.39
20060104,942.49
20060105,955.32
20060106,958.35
20060109,975.57
20060110,975.9
20060111,965.61
20060112,987.58
20060113,988.62
20060116,973.46
20060117,974.33
20060118,991.4
20060119,994.5
20060120,987.62
20060123,987.89
20060124,983.8
20060125,966.99
20060206,988.57
20060207,991.45
20060208,1001.35
20060209,989.38
20060210,999.18
20060213,1002.95
20060214,1010.03
20060215,1011.27
20060216,982.9
20060217,975.24
20060220,962.67
20060221,986.28
20060222,985.84
20060223,986.85
20060224,992.91
20060227,990.36
20060228,992.71
20060301,997.98
20060302,976.53
20060303,976.42
20060306,974.98
20060307,948.38
20060308,950.31
20060309,946.2
20060310,949.33
20060313,957.46
20060314,959.17
20060315,967.03
20060316,970.64
20060317,963.86
20060320,973.55
20060321,976.11
20060322,982.5
20060323,996.76
20060324,987.9
20060327,1000.24
20060328,1003.35
20060329,1000.77
20060330,989.73
20060331,989.21
20060403,1002.89
20060404,1013.76
20060405,1023.88
20060406,1020.78
20060407,1031.55
20060410,1058.79
20060411,1060.72
20060412,1064.39
20060413,1032.83
20060414,1058.18
20060417,1075.38
20060418,1068.99
20060419,1060.13
20060420,1043.66
20060421,1058.15
20060424,1033.11
20060425,1034.3
20060426,1048.64
20060427,1047.3
20060428,1063.69
20060508,1090.96
20060509,1122.43
20060510,1131.87
20060511,1120.9
20060512,1154.42
20060515,1211.87
20060516,1187.57
20060517,1215.5
20060518,1245.3
20060519,1287.42
20060522,1308.98
20060523,1249.58
20060524,1237.48
20060525,1257.56
20060526,1295.51
20060529,1324.15
20060530,1343.28
20060531,1347.54
20060601,1413.21
20060602,1421.03
20060605,1464.87
20060606,1449.88
20060607,1362.81
20060608,1383.15
20060609,1360.92
20060612,1359.03
20060613,1365.33
20060614,1378.44
20060615,1399.01
20060616,1435.01
20060619,1453.97
20060620,1476.87
20060621,1463.61
20060622,1470.41
20060623,1492.02
20060626,1511.23
20060627,1521.43
20060628,1530.34
20060629,1556.42
20060630,1539.04
20060703,1567.81
20060704,1560.63
20060705,1568.25
20060706,1611.09
20060707,1609.29
20060710,1638.32
20060711,1660.32
20060712,1655.1
20060713,1531.52
20060714,1548.27
20060717,1583.02
20060718,1584.14
20060719,1547.06
20060720,1560.86
20060721,1564.78
20060724,1565.3
20060725,1585.14
20060726,1592.75
20060727,1579.93
20060728,1558.66
20060731,1490.49
20060801,1468.87
20060802,1466.39
20060803,1463.24
20060804,1410.13
20060807,1366.69
20060808,1407.78
20060809,1412.49
20060810,1441.48
20060811,1451.05
20060814,1405.78
20060815,1441.85
20060816,1465.83
20060817,1448.84
20060818,1441.81
20060821,1459.84
20060822,1474.79
20060823,1469.02
20060824,1490.53
20060825,1494.82
20060828,1530.12
20060829,1523.54
20060830,1535.24
20060831,1543.19
20060901,1527.92
20060904,1575.5
20060905,1575.19
20060906,1584.33
20060907,1553.85
20060908,1557.24
20060911,1574.14
20060912,1582.09
20060913,1556.95
20060914,1541.54
20060915,1554.97
20060918,1580.15
20060919,1576.91
20060920,1583.78
20060921,1589.65
20060922,1584.51
20060925,1589.19
20060926,1583.06
20060927,1591.49
20060928,1602.57
20060929,1621.69
20061009,1653.13
20061010,1663.61
20061011,1675.41
20061012,1669.08
20061013,1676.9
20061016,1667.99
20061017,1671.98
20061018,1697.04
20061019,1696.61
20061020,1686.88
20061023,1646.65
20061024,1686.79
20061025,1677.78
20061026,1661.06
20061027,1632.33
20061030,1624.57
20061031,1639.52
20061101,1638.75
20061102,1630.44
20061103,1641.52
20061106,1645.58
20061107,1623.24
20061108,1618.02
20061109,1638.19
20061110,1591.36
20061113,1530.03
20061114,1551.29
20061115,1570.97
20061116,1543.84
20061117,1556.65
20061120,1539.84
20061121,1549.04
20061122,1561.68
20061123,1570.26
20061124,1582.87
20061127,1616.31
20061128,1618.51
20061129,1638.56
20061130,1658.12
20061201,1669.49
20061204,1694.4
20061205,1706.14
20061206,1688.56
20061207,1669.3
20061208,1619.32
20061211,1665.47
20061212,1678.14
20061213,1675.28
20061214,1700.44
20061215,1728.8
20061218,1759.76
20061219,1761.91
20061220,1788.04
20061221,1778.04
20061222,1752.98
20061225,1770.47
20061226,1756.36
20061227,1763.91
20061228,1707.41
20061229,1723.03
20070104,1716.61
20070105,1771.3
20070108,1841.03
20070109,1887.34
20070110,1938.67
20070111,1956.33
20070112,1885.21
20070115,1980.14
20070116,2028.61
20070117,2018.19
20070118,2084.04
20070119,2170.61
20070122,2257.76
20070123,2273.41
20070124,2282.82
20070125,2197.13
20070126,2185.58
20070129,2274.11
20070130,2265.12
20070131,2162.91
20070201,2169.36
20070202,2118.31
20070205,2150.38
20070206,2217.3
20070207,2242.74
20070208,2297.51
20070209,2296.0
20070212,2348.31
20070213,2387.58
20070214,2444.28
20070215,2513.74
20070216,2539.25
20070226,2653.64
20070227,2424.01
20070228,2540.85
20070301,2486.34
20070302,2549.88
20070305,2601.09
20070306,2614.07
20070307,2684.81
20070308,2753.11
20070309,2772.44
20070312,2850.86
20070313,2878.67
20070314,2858.47
20070315,2919.69
20070316,2880.33
20070319,2938.05
20070320,3027.41
20070321,3083.6
20070322,3086.48
20070323,3138.21
20070326,3249.64
20070327,3297.52
20070328,3274.25
20070329,3137.35
20070330,3153.29
20070402,3228.74
20070403,3274.04
20070404,3308.41
20070405,3377.07
20070406,3433.06
20070409,3498.76
20070410,3531.04
20070411,3578.93
20070412,3640.11
20070413,3622.19
20070416,3732.16
20070417,3830.31
20070418,3937.65
20070419,3742.58
20070420,3934.15
20070423,4112.63
20070424,4145.27
20070425,4124.87
20070426,4189.66
20070427,4171.24
20070430,4207.76
20070508,4450.54
20070509,4476.39
20070510,4501.78
20070511,4511.35
20070514,4548.76
20070515,4357.52
20070516,4442.33
20070517,4582.93
20070518,4601.25
20070521,4716.9
20070522,4798.11
20070523,4947.82
20070524,4893.59
20070525,4996.6
20070528,5076.91
20070529,5137.4
20070530,4668.22
20070531,4356.02
20070601,3999.87
20070604,3658.88
20070605,3713.46
20070606,3747.66
20070607,3946.71
20070608,3963.77
20070611,4028.57
20070612,4159.61
20070613,4347.4
20070614,4283.72
20070615,4305.63
20070618,4489.58
20070619,4565.97
20070620,4432.0
20070621,4387.98
20070622,4084.07
20070625,3772.33
20070626,3866.43
20070627,3968.33
20070628,3719.36
20070629,3531.92
20070702,3674.65
20070703,3748.04
20070704,3665.17
20070705,3436.37
20070706,3665.69
20070709,3779.35
20070710,3716.05
20070711,3744.04
20070712,3765.41
20070713,3767.65
20070716,3649.32
20070717,3704.29
20070718,3692.48
20070719,3708.43
20070720,3830.39
20070723,4016.31
20070724,4047.03
20070725,4184.07
20070726,4273.5
20070727,4369.55
20070730,4495.5
20070731,4553.71
20070801,4303.4
20070802,4477.87
20070803,4513.91
20070806,4579.85
20070807,4589.81
20070808,4493.44
20070809,4490.22
20070810,4343.94
20070813,4307.69
20070814,4451.4
20070815,4424.32
20070816,4469.38
20070817,4455.25
20070820,4622.54
20070821,4667.53
20070822,4708.05
20070823,4764.04
20070824,4800.5
20070827,4799.58
20070828,4820.86
20070829,4811.61
20070830,4989.77
20070831,5086.7
20070903,5233.58
20070904,5187.67
20070905,5209.15
20070906,5289.15
20070907,5135.7
20070910,5290.08
20070911,4954.61
20070912,5026.31
20070913,5107.14
20070914,5192.37
20070917,5307.2
20070918,5404.31
20070919,5292.26
20070920,5317.82
20070921,5240.0
20070924,5254.47
20070925,5205.41
20070926,5155.18
20070927,5144.41
20070928,5226.94
20071008,5240.6
20071009,5269.82
20071010,5252.95
20071011,5147.74
20071012,5007.56
20071015,5048.31
20071016,5095.88
20071017,5074.65
20071018,4994.74
20071019,4963.35
20071022,4821.58
20071023,4829.78
20071024,4705.65
20071025,4316.84
20071026,4248.88
20071029,4311.88
20071030,4423.54
20071031,4633.05
20071101,4517.18
20071102,4413.52
20071105,4510.3
20071106,4555.08
20071107,4551.8
20071108,4380.02
20071109,4371.44
20071112,4364.75
20071113,4375.17
20071114,4502.59
20071115,4460.03
20071116,4457.34
20071119,4551.45
20071120,4621.18
20071121,4565.71
20071122,4334.81
20071123,4424.29
20071126,4420.08
20071127,4360.17
20071128,4355.18
20071129,4470.97
20071130,4389.34
20071203,4431.02
20071204,4449.52
20071205,4518.27
20071206,4543.29
20071207,4625.62
20071210,4752.57
20071211,4816.4
20071212,4872.25
20071213,4735.06
20071214,4826.63
20071217,4863.36
20071218,4794.96
20071219,4904.48
20071220,4961.44
20071221,5043.52
20071224,5128.18
20071225,5187.51
20071226,5288.76
20071227,5322.69
20071228,5359.26
20080102,5567.0
20080103,5683.71
20080104,5743.15
20080107,5863.74
20080108,5696.58
20080109,5876.52
20080110,5901.54
20080111,5879.54
20080114,5960.15
20080115,6037.93
20080116,5981.09
20080117,5834.08
20080118,5880.16
20080121,5598.14
20080122,5082.05
20080123,5326.29
20080124,5482.5
20080125,5480.96
20080128,5089.26
20080129,5197.57
20080130,5254.73
20080131,5030.07
20080201,4822.21
20080204,5229.06
20080205,5268.74
20080213,5274.88
20080214,5378.91
20080215,5375.49
20080218,5537.54
20080219,5651.95
20080220,5627.13
20080221,5688.55
20080222,5564.17
20080225,5365.38
20080226,5388.33
20080227,5532.37
20080228,5550.15
20080229,5646.89
20080303,5847.44
20080304,5860.04
20080305,5894.24
20080306,5872.89
20080307,5775.58
20080310,5594.88
20080311,5691.93
20080312,5523.29
20080313,5296.25
20080314,5260.68
20080317,4809.3
20080318,4418.37
20080319,4664.46
20080320,4866.18
20080321,4927.97
20080324,4834.74
20080325,4911.01
20080326,4897.41
20080327,4606.05
20080328,4734.09
20080331,4477.36
20080401,4061.59
20080402,3795.76
20080403,3907.24
20080407,4170.18
20080408,4271.09
20080409,3994.62
20080410,4118.73
20080411,4213.57
20080414,3928.02
20080415,4068.72
20080416,3957.37
20080417,3797.7
20080418,3597.11
20080421,3586.09
20080422,3509.16
20080423,3677.19
20080424,4029.98
20080425,4070.34
20080428,4082.54
20080429,4112.44
20080430,4274.74
20080505,4409.62
20080506,4386.55
20080507,4198.98
20080508,4354.16
20080509,4366.09
20080512,4456.66
20080513,4487.61
20080514,4570.0
20080515,4565.15
20080516,4496.18
20080519,4511.05
20080520,4248.64
20080521,4381.97
20080522,4376.9
20080523,4300.6
20080526,4154.71
20080527,4153.72
20080528,4253.76
20080529,4170.59
20080530,4186.65
20080602,4246.24
20080603,4208.98
20080604,4113.2
20080605,4063.58
20080606,4046.96
20080610,3716.95
20080611,3654.71
20080612,3617.18
20080613,3470.81
20080616,3422.55
20080617,3203.22
20080618,3370.13
20080619,3103.64
20080620,3133.66
20080623,3045.76
20080624,3132.42
20080625,3306.54
20080626,3368.19
20080627,3129.64
20080630,3139.24
20080701,3080.59
20080702,3130.71
20080703,3274.94
20080704,3262.0
20080707,3445.72
20080708,3508.52
20080709,3606.87
20080710,3544.16
20080711,3522.49
20080714,3605.34
20080715,3514.06
20080716,3330.96
20080717,3275.85
20080718,3384.29
20080721,3525.66
20080722,3546.1
20080723,3530.47
20080724,3617.27
20080725,3597.9
20080728,3654.88
20080729,3592.85
20080730,3573.56
20080731,3435.47
20080801,3484.38
20080804,3413.85
20080805,3319.12
20080806,3306.87
20080807,3333.81
20080808,3099.26
20080811,2845.66
20080812,2789.67
20080813,2763.5
20080814,2779.56
20080815,2772.37
20080818,2576.05
20080819,2620.07
20080820,2840.1
20080821,2732.6
20080822,2690.15
20080825,2680.12
20080826,2536.84
20080827,2538.74
20080828,2537.82
20080829,2609.31
20080901,2526.26
20080902,2546.71
20080903,2518.87
20080904,2541.88
20080905,2398.14
20080908,2278.67
20080909,2298.19
20080910,2325.9
20080911,2278.11
20080912,2272.1
20080916,2226.06
20080917,2192.18
20080918,2125.45
20080919,2331.71
20080922,2430.88
20080923,2259.5
20080924,2301.56
20080925,2354.42
20080926,2348.84
20081006,2244.04
20081007,2248.34
20081008,2191.4
20081009,2173.3
20081010,2009.72
20081013,2048.15
20081014,1977.38
20081015,1964.4
20081016,1844.81
20081017,1872.83
20081020,1945.88
20081021,1955.4
20081022,1912.04
20081023,1936.86
20081024,1910.6
20081027,1762.49
20081028,1801.88
20081029,1732.64
20081030,1748.83
20081031,1720.55
20081103,1694.94
20081104,1675.6
20081105,1749.14
20081106,1726.48
20081107,1760.84
20081110,1895.93
20081111,1884.46
20081112,1948.46
20081113,2038.75
20081114,2138.31
20081117,2255.69
20081118,2067.96
20081119,2218.86
20081120,2219.29
20081121,2197.88
20081124,2099.28
20081125,2098.96
20081126,2110.51
20081127,2147.08
20081128,2122.24
20081201,2229.23
20081202,2286.96
20081203,2392.35
20081204,2382.56
20081205,2460.65
20081208,2573.56
20081209,2502.47
20081210,2581.73
20081211,2497.32
20081212,2367.09
20081215,2418.74
20081216,2461.08
20081217,2497.88
20081218,2541.95
20081219,2557.03
20081222,2573.79
20081223,2407.6
20081224,2358.77
20081225,2359.92
20081226,2340.63
20081229,2336.07
20081230,2324.92
20081231,2299.52
20090105,2418.25
20090106,2494.36
20090107,2502.52
20090108,2456.39
20090109,2539.91
20090112,2563.82
20090113,2484.5
20090114,2597.55
20090115,2628.6
20090116,2631.04
20090119,2624.15
20090120,2657.67
20090121,2655.11
20090122,2699.37
20090123,2671.57
20090202,2752.61
20090203,2819.4
20090204,2879.97
20090205,2841.0
20090206,2960.37
20090209,3049.34
20090210,3146.47
20090211,3134.92
20090212,3183.83
20090213,3288.96
20090216,3344.66
20090217,3213.03
20090218,3106.37
20090219,3185.26
20090220,3283.19
20090223,3393.87
20090224,3246.53
20090225,3270.53
20090226,3036.22
20090227,2855.82
20090302,2948.54
20090303,2993.17
20090304,3174.16
20090305,3202.31
20090306,3179.56
20090309,3038.37
20090310,3109.85
20090311,3097.54
20090312,3103.6
20090313,3078.74
20090316,3119.85
20090317,3235.49
20090318,3264.93
20090319,3344.9
20090320,3313.66
20090323,3379.42
20090324,3409.91
20090325,3328.13
20090326,3399.75
20090327,3414.16
20090330,3442.0
20090331,3472.14
20090401,3528.45
20090402,3524.73
20090403,3522.23
20090407,3586.03
20090408,3472.08
20090409,3538.87
20090410,3649.87
20090413,3695.93
20090414,3768.95
20090415,3826.1
20090416,3838.29
20090417,3769.69
20090420,3881.68
20090421,3866.69
20090422,3679.37
20090423,3705.76
20090424,3686.34
20090427,3526.75
20090428,3581.7
20090429,3653.95
20090430,3696.35
20090504,3812.17
20090505,3873.01
20090506,3940.47
20090507,3928.9
20090508,3918.72
20090511,3754.4
20090512,3847.45
20090513,3865.12
20090514,3885.01
20090515,3918.15
20090518,3963.58
20090519,3992.63
20090520,3968.13
20090521,3885.88
20090522,3891.33
20090525,3892.28
20090526,3916.32
20090527,3922.67
20090601,3971.8
20090602,3999.45
20090603,4022.65
20090604,4004.2
20090605,3991.85
20090608,3983.77
20090609,4005.29
20090610,4055.49
20090611,4021.1
20090612,3926.12
20090615,3986.28
20090616,3973.21
20090617,4029.93
20090618,4043.7
20090619,4060.64
20090622,4038.61
20090623,4051.65
20090624,4104.9
20090625,4125.97
20090626,4125.72
20090629,4131.59
20090630,4093.33
20090701,4124.84
20090702,4141.72
20090703,4177.1
20090706,4175.18
20090707,4210.79
20090708,4265.67
20090709,4376.3
20090710,4376.9
20090713,4414.04
20090714,4473.1
20090715,4511.07
20090716,4471.03
20090717,4496.33
20090720,4589.81
20090721,4475.95
20090722,4536.0
20090723,4588.01
20090724,4543.63
20090727,4635.24
20090728,4691.99
20090729,4400.34
20090730,4465.39
20090731,4599.01
20090803,4675.89
20090804,4716.16
20090805,4757.21
20090806,4679.52
20090807,4568.63
20090810,4614.48
20090811,4652.57
20090812,4418.37
20090813,4433.81
20090814,4212.6
20090817,3941.31
20090818,4014.27
20090819,3836.99
20090820,3993.24
20090821,4129.75
20090824,4254.18
20090825,4230.43
20090826,4320.27
20090827,4366.46
20090828,4238.4
20090831,3955.86
20090901,3928.07
20090902,3964.65
20090903,4134.32
20090904,4196.15
20090907,4261.82
20090908,4318.39
20090909,4330.47
20090910,4290.0
20090911,4348.44
20090914,4469.29
20090915,4527.56
20090916,4554.83
20090917,4692.19
20090918,4559.8
20090921,4630.33
20090922,4540.82
20090923,4435.8
20090924,4381.76
20090925,4325.57
20090928,4207.49
20090929,4092.14
20090930,4134.22
20091009,4353.76
20091012,4383.76
20091013,4469.01
20091014,4495.0
20091015,4526.36
20091016,4556.56
20091019,4655.46
20091020,4711.66
20091021,4671.18
20091022,4700.7
20091023,4763.18
20091026,4783.81
20091027,4691.3
20091028,4732.02
20091029,4663.42
20091030,4703.92
20091102,4866.87
20091103,4964.07
20091104,5010.5
20091105,5049.67
20091106,5058.01
20091109,5093.06
20091110,5106.69
20091111,5128.68
20091112,5153.19
20091113,5260.79
20091116,5393.25
20091117,5431.68
20091118,5463.93
20091119,5553.15
20091120,5585.95
20091123,5675.99
20091124,5362.39
20091125,5574.54
20091126,5366.68
20091127,5267.21
20091130,5528.25
20091201,5728.27
20091202,5821.06
20091203,5869.4
20091204,5669.2
20091207,5782.84
20091208,5778.83
20091209,5701.99
20091210,5755.9
20091211,5759.52
20091214,5728.68
20091215,5756.8
20091216,5717.77
20091217,5527.54
20091218,5341.78
20091221,5426.49
20091222,5270.18
20091223,5386.92
20091224,5571.24
20091225,5593.9
20091228,5675.62
20091229,5726.88
20091230,5703.54
20091231,5789.39
20100104,5815.73
20100105,5907.97
20100106,5876.96
20100107,5738.95
20100108,5830.66
20100111,5887.66
20100112,6030.39
20100113,5958.36
20100114,6146.33
20100115,6210.28
20100118,6291.98
20100119,6291.62
20100120,6039.09
20100121,6073.75
20100122,5912.59
20100125,5821.75
20100126,5593.07
20100127,5568.38
20100128,5638.69
20100129,5711.72
20100201,5633.02
20100202,5597.75
20100203,5661.2
20100204,5741.85
20100205,5631.89
20100208,5608.97
20100209,5620.72
20100210,5701.51
20100211,5682.91
20100212,5771.29
20100222,5788.16
20100223,5858.74
20100224,6000.86
20100225,6121.58
20100226,6140.92
20100301,6187.56
20100302,6186.79
20100303,6255.26
20100304,6051.83
20100305,6032.61
20100308,6098.27
20100309,6116.4
20100310,6027.61
20100311,5990.96
20100312,5913.02
20100315,5867.55
20100316,5933.57
20100317,6109.3
20100318,6125.18
20100319,6180.04
20100322,6224.15
20100323,6190.38
20100324,6236.37
20100325,6144.99
20100326,6239.86
20100329,6291.22
20100330,6333.52
20100331,6413.59
20100401,6536.02
20100402,6545.97
20100406,6541.25
20100407,6566.73
20100408,6573.08
20100409,6687.07
20100412,6777.72
20100413,6652.21
20100414,6733.4
20100415,6657.13
20100416,6641.42
20100419,6383.23
20100420,6481.75
20100421,6697.87
20100422,6779.66
20100423,6709.75
20100426,6679.18
20100427,6516.68
20100428,6474.31
20100429,6256.24
20100430,6059.56
20100504,6055.44
20100505,6250.37
20100506,6075.92
20100507,5956.09
20100510,5787.02
20100511,5596.9
20100512,5447.91
20100513,5618.46
20100514,5645.31
20100517,5260.06
20100518,5321.55
20100519,5335.86
20100520,5251.72
20100521,5372.41
20100524,5613.67
20100525,5595.08
20100526,5606.37
20100527,5705.44
20100528,5746.2
20100531,5590.53
20100601,5476.93
20100602,5565.97
20100603,5558.71
20100604,5616.6
20100607,5626.14
20100608,5705.45
20100609,5842.92
20100610,5874.28
20100611,5854.54
20100617,5785.43
20100618,5574.9
20100621,5732.28
20100622,5776.12
20100623,5785.43
20100624,5789.6
20100625,5693.86
20100628,5579.05
20100629,5238.46
20100630,5146.22
20100701,5057.73
20100702,5034.45
20100705,5018.53
20100706,5186.54
20100707,5267.37
20100708,5257.11
20100709,5409.45
20100712,5453.41
20100713,5396.06
20100714,5428.36
20100715,5289.11
20100716,5321.36
20100719,5450.2
20100720,5612.55
20100721,5609.46
20100722,5699.75
20100723,5729.08
20100726,5786.6
20100727,5776.69
20100728,5891.81
20100729,5904.23
20100730,5916.78
20100802,6050.62
20100803,5931.08
20100804,5976.98
20100805,6005.15
20100806,6140.76
20100809,6252.97
20100810,6024.22
20100811,6105.3
20100812,6042.67
20100813,6167.76
20100816,6314.33
20100817,6352.99
20100818,6337.29
20100819,6326.42
20100820,6181.52
20100823,6225.73
20100824,6306.57
20100825,6164.52
20100826,6213.48
20100827,6270.12
20100830,6436.71
20100831,6500.65
20100901,6378.54
20100902,6506.65
20100903,6560.05
20100906,6490.85
20100907,6527.68
20100908,6582.17
20100909,6489.27
20100910,6566.78
20100913,6682.47
20100914,6702.47
20100915,6559.01
20100916,6382.99
20100917,6383.33
20100920,6304.9
20100921,6262.07
20100927,6431.08
20100928,6395.25
20100929,6311.03
20100930,6404.74
20101008,6567.32
20101011,6583.14
20101012,6620.71
20101013,6659.09
20101014,6470.41
20101015,6416.69
20101018,6317.59
20101019,6597.68
20101020,6656.25
20101021,6677.56
20101022,6788.06
20101025,6970.64
20101026,7000.8
20101027,6939.45
20101028,6984.08
20101029,7069.53
20101101,7330.89
20101102,7250.41
20101103,7122.78
20101104,7261.24
20101105,7342.43
20101108,7526.66
20101109,7590.47
20101110,7615.19
20101111,7568.85
20101112,7062.29
20101115,7314.71
20101116,7134.61
20101117,6880.4
20101118,6978.19
20101119,7225.52
20101122,7371.18
20101123,7287.4
20101124,7517.37
20101125,7521.01
20101126,7511.5
20101129,7567.98
20101130,7341.02
20101201,7356.74
20101202,7373.98
20101203,7314.22
20101206,7211.17
20101207,7325.02
20101208,7325.19
20101209,7192.84
20101210,7298.6
20101213,7542.38
20101214,7652.17
20101215,7636.89
20101216,7645.9
20101217,7663.64
20101220,7574.64
20101221,7643.48
20101222,7577.86
20101223,7420.54
20101224,7260.02
20101227,7026.25
20101228,6886.94
20101229,7024.91
20101230,7063.91
20110101,7313.67
20110104,7313.67
20110105,7345.46
20110106,7327.63
20110107,7288.06
20110110,7080.56
20110111,7010.1
20110112,7061.1
20110113,7071.95
20110114,6944.06
20110117,6671.86
20110118,6696.11
20110119,6872.8
20110120,6651.09
20110121,6679.36
20110124,6542.98
20110125,6404.53
20110126,6508.22
20110127,6600.51
20110128,6677.63
20110131,6759.55
20110201,6786.52
20110209,6757.96
20110210,6984.2
20110211,7071.21
20110214,7167.64
20110215,7171.03
20110216,7319.68
20110217,7349.04
20110218,7266.44
20110221,7422.19
20110222,7199.9
20110223,7304.92
20110224,7330.74
20110225,7316.53
20110228,7398.96
20110301,7414.66
20110302,7382.81
20110303,7231.85
20110304,7305.61
20110307,7381.53
20110308,7432.97
20110309,7469.75
20110310,7436.95
20110311,7438.12
20110314,7538.11
20110315,7466.89
20110316,7531.63
20110317,7385.1
20110318,7430.84
20110321,7374.24
20110322,7345.87
20110323,7423.12
20110324,7428.41
20110325,7439.47
20110328,7376.74
20110329,7212.17
20110330,7138.17
20110331,7077.83
20110401,7159.5
20110406,7115.97
20110407,7177.79
20110408,7273.97
20110411,7192.12
20110412,7163.38
20110413,7252.67
20110414,7264.57
20110415,7245.47
20110418,7249.47
20110419,7205.77
20110420,7268.66
20110421,7305.53
20110422,7270.04
20110425,7096.71
20110426,6960.36
20110427,6853.93
20110428,6632.38
20110429,6731.65
20110503,6842.83
20110504,6702.53
20110505,6737.12
20110506,6780.65
20110509,6853.83
20110510,6891.15
20110511,6901.39
20110512,6797.76
20110513,6829.2
20110516,6815.78
20110517,6776.7
20110518,6808.22
20110519,6778.25
20110520,6748.26
20110523,6487.91
20110524,6517.73
20110525,6425.71
20110526,6364.55
20110527,6189.58
20110530,6139.96
20110531,6264.53
20110601,6341.52
20110602,6242.84
20110603,6360.94
20110607,6398.62
20110608,6406.13
20110609,6261.27
20110610,6252.93
20110613,6248.04
20110614,6341.71
20110615,6284.95
20110616,6147.91
20110617,6082.2
20110620,6010.47
20110621,6104.25
20110622,6105.01
20110623,6241.14
20110624,6371.89
20110627,6465.34
20110628,6484.73
20110629,6423.88
20110630,6509.14
20110701,6554.81
20110704,6719.75
20110705,6807.98
20110706,6847.45
20110707,6855.23
20110708,6813.27
20110711,6872.81
20110712,6759.12
20110713,6903.25
20110714,7000.2
20110715,7073.91
20110718,7074.78
20110719,6973.23
20110720,6981.88
20110721,6881.65
20110722,6924.95
20110725,6617.03
20110726,6644.0
20110727,6784.46
20110728,6774.02
20110729,6703.52
20110801,6762.95
20110802,6752.0
20110803,6817.18
20110804,6819.75
20110805,6664.44
20110808,6334.88
20110809,6329.68
20110810,6432.54
20110811,6556.13
20110812,6651.78
20110815,6774.85
20110816,6729.76
20110817,6752.36
20110818,6609.36
20110819,6529.8
20110822,6508.82
20110823,6650.01
20110824,6653.48
20110825,6743.37
20110826,6781.99
20110829,6762.41
20110830,6681.88
20110831,6616.57
20110901,6579.65
20110902,6500.38
20110905,6310.78
20110906,6271.09
20110907,6452.87
20110908,6371.82
20110909,6321.63
20110913,6216.01
20110914,6297.83
20110915,6309.76
20110916,6311.42
20110919,6177.7
20110920,6214.4
20110921,6391.93
20110922,6201.44
20110923,6164.57
20110926,6081.92
20110927,6089.0
20110928,5988.08
20110929,5762.09
20110930,5761.63
20111010,5768.48
20111011,5769.8
20111012,5988.78
20111013,6080.83
20111014,6058.37
20111017,6083.4
20111018,5883.64
20111019,5877.77
20111020,5682.83
20111021,5578.41
20111024,5671.25
20111025,5832.61
20111026,5877.53
20111027,5871.2
20111028,6011.12
20111031,6101.59
20111101,6108.94
20111102,6245.2
20111103,6279.14
20111104,6322.41
20111107,6314.28
20111108,6229.5
20111109,6362.85
20111110,6313.43
20111111,6295.22
20111114,6482.96
20111115,6512.9
20111116,6325.15
20111117,6326.74
20111118,6140.04
20111121,6150.23
20111122,6146.72
20111123,6124.83
20111124,6137.81
20111125,6098.45
20111128,6108.29
20111129,6220.42
20111130,5929.57
20111201,6047.5
20111202,5914.87
20111205,5701.73
20111206,5720.16
20111207,5734.68
20111208,5739.3
20111209,5672.22
20111212,5599.51
20111213,5394.94
20111214,5286.2
20111215,5167.57
20111216,5339.64
20111219,5375.9
20111220,5347.66
20111221,5218.53
20111222,5122.3
20111223,5166.89
20111226,5123.44
20111227,4951.2
20111228,4882.67
20111229,4892.56
20111230,4983.51
20120104,4852.43
20120105,4607.87
20120106,4630.52
20120109,4830.82
20120110,5024.14
20120111,5046.4
20120112,5028.0
20120113,4796.95
20120116,4624.55
20120117,4875.29
20120118,4720.14
20120119,4764.11
20120120,4834.41
20120130,4839.27
20120131,4846.39
20120201,4825.54
20120202,4916.0
20120203,4997.73
20120206,5044.9
20120207,4948.04
20120208,5079.45
20120209,5117.92
20120210,5138.03
20120213,5218.02
20120214,5229.57
20120215,5315.96
20120216,5303.12
20120217,5285.78
20120220,5307.83
20120221,5383.82
20120222,5506.47
20120223,5520.79
20120224,5578.55
20120227,5581.34
20120228,5521.72
20120229,5438.44
20120301,5470.25
20120302,5582.92
20120305,5593.78
20120306,5530.19
20120307,5500.86
20120308,5589.85
20120309,5693.23
20120312,5744.87
20120313,5792.08
20120314,5506.21
20120315,5450.92
20120316,5602.17
20120319,5705.85
20120320,5549.18
20120321,5575.94
20120322,5591.5
20120323,5471.84
20120326,5484.31
20120327,5478.09
20120328,5206.16
20120329,5077.35
20120330,5051.56
20120405,5228.38
20120406,5264.54
20120409,5216.8
20120410,5276.0
20120411,5299.28
20120412,5406.55
20120413,5455.36
20120416,5463.38
20120417,5390.17
20120418,5514.45
20120419,5519.05
20120420,5556.97
20120423,5435.06
20120424,5405.59
20120425,5468.05
20120426,5420.24
20120427,5404.39
20120502,5473.78
20120503,5502.52
20120504,5560.59
20120507,5629.06
20120508,5636.96
20120509,5551.42
20120510,5575.29
20120511,5519.58
20120514,5508.78
20120515,5491.03
20120516,5420.88
20120517,5485.65
20120518,5399.19
20120521,5415.12
20120522,5479.31
20120523,5470.13
20120524,5442.92
20120525,5373.03
20120528,5447.15
20120529,5555.24
20120530,5576.88
20120531,5615.12
20120601,5605.72
20120604,5437.67
20120605,5431.02
20120606,5412.28
20120607,5388.09
20120608,5400.04
20120611,5483.0
20120612,5456.42
20120613,5538.78
20120614,5499.18
20120615,5505.38
20120618,5566.24
20120619,5530.85
20120620,5520.3
20120621,5435.33
20120625,5294.1
20120626,5291.27
20120627,5302.0
20120628,5247.74
20120629,5334.44
20120702,5426.49
20120703,5479.65
20120704,5446.84
20120705,5317.07
20120706,5431.42
20120709,5313.45
20120710,5236.18
20120711,5292.11
20120712,5377.83
20120713,5319.66
20120716,5075.79
20120717,5131.23
20120718,5181.07
20120719,5241.6
20120720,5204.13
20120723,5153.91
20120724,5182.21
20120725,5167.93
20120726,5123.31
20120727,5106.61
20120730,5008.55
20120731,4918.26
20120801,5014.38
20120802,5006.53
20120803,5149.15
20120806,5285.1
20120807,5318.06
20120808,5298.8
20120809,5390.18
20120810,5381.7
20120813,5281.39
20120814,5365.57
20120815,5295.32
20120816,5247.78
20120817,5259.76
20120820,5298.55
20120821,5405.36
20120822,5397.31
20120823,5445.8
20120824,5319.92
20120827,5218.13
20120828,5272.87
20120829,5258.4
20120830,5109.35
20120831,5151.08
20120903,5261.19
20120904,5253.22
20120905,5313.76
20120906,5365.08
20120907,5516.4
20120910,5570.02
20120911,5532.1
20120912,5552.27
20120913,5466.41
20120914,5438.47
20120917,5287.54
20120918,5282.46
20120919,5321.48
20120920,5136.13
20120921,5076.54
20120924,5098.24
20120925,5059.53
20120926,4897.21
20120927,5015.41
20120928,5101.49
20121008,5121.24
20121009,5271.92
20121010,5322.22
20121011,5234.48
20121012,5226.19
20121015,5168.78
20121016,5190.32
20121017,5209.92
20121018,5301.45
20121019,5296.62
20121022,5325.15
20121023,5242.38
20121024,5205.83
20121025,5158.2
20121026,5052.02
20121029,5051.76
20121030,5059.7
20121031,5069.55
20121101,5164.64
20121102,5185.7
20121105,5144.11
20121106,5110.34
20121107,5105.53
20121108,4978.37
20121109,4962.72
20121112,4997.92
20121113,4891.2
20121114,4907.68
20121115,4818.57
20121116,4794.99
20121119,4827.7
20121120,4827.63
20121121,4880.88
20121122,4819.68
20121123,4813.33
20121126,4751.6
20121127,4546.57
20121128,4442.39
20121129,4380.52
20121130,4431.31
20121203,4294.67
20121204,4350.17
20121205,4518.28
20121206,4517.87
20121207,4634.01
20121210,4720.18
20121211,4671.78
20121212,4670.23
20121213,4600.18
20121214,4781.93
20121217,4799.28
20121218,4778.94
20121219,4817.41
20121220,4841.79
20121221,4892.0
20121224,4950.39
20121225,5058.91
20121226,5173.14
20121227,5098.09
20121228,5168.18
20121231,5198.37
20130104,5207.6
20130107,5281.89
20130108,5366.79
20130109,5359.97
20130110,5403.42
20130111,5327.48
20130114,5529.32
20130115,5631.44
20130116,5586.74
20130117,5578.56
20130118,5659.49
20130121,5709.72
20130122,5565.87
20130123,5592.08
20130124,5427.55
20130125,5459.8
20130128,5616.76
20130129,5680.01
20130130,5643.22
20130131,5599.52
20130201,5641.74
20130204,5578.59
20130205,5635.0
20130206,5681.98
20130207,5739.68
20130208,5841.43
20130218,5891.96
20130219,5787.59
20130220,5942.29
20130221,5845.39
20130222,5824.3
20130225,5907.8
20130226,5830.34
20130227,5823.71
20130228,5932.34
20130301,6062.44
20130304,5897.2
20130305,6047.36
20130306,6157.56
20130307,6035.0
20130308,5954.48
20130311,5961.1
20130312,5777.73
20130313,5735.97
20130314,5749.13
20130315,5766.58
20130318,5705.66
20130319,5720.9
20130320,5884.07
20130321,5971.07
20130322,5973.02
20130325,5956.65
20130326,5926.16
20130327,5950.08
20130328,5783.94
20130329,5755.39
20130401,5818.31
20130402,5686.73
20130403,5618.55
20130408,5680.07
20130409,5740.19
20130410,5712.54
20130411,5694.3
20130412,5677.01
20130415,5608.82
20130416,5675.0
20130417,5763.87
20130418,5799.36
20130419,5936.29
20130422,6037.8
20130423,5850.54
20130424,6026.92
20130425,5946.62
20130426,5837.3
20130502,5924.91
20130503,6069.31
20130506,6190.62
20130507,6190.66
20130508,6292.57
20130509,6337.45
20130510,6340.35
20130513,6383.62
20130514,6281.03
20130515,6427.25
20130516,6456.43
20130517,6570.15
20130520,6731.97
20130521,6840.26
20130522,6696.14
20130523,6705.57
20130524,6864.59
20130527,6962.25
20130528,6859.78
20130529,6923.27
20130530,6949.85
20130531,6932.75
20130603,6805.64
20130604,6635.73
20130605,6690.94
20130606,6591.53
20130607,6529.61
20130613,6418.11
20130614,6611.63
20130617,6680.63
20130618,6674.81
20130619,6633.93
20130620,6387.28
20130621,6351.23
20130624,5973.17
20130625,6016.18
20130626,6240.94
20130627,6125.01
20130628,6087.18
20130701,6267.17
20130702,6418.05
20130703,6448.74
20130704,6445.14
20130705,6355.93
20130708,6090.9
20130709,6169.7
20130710,6316.84
20130711,6447.93
20130712,6466.22
20130715,6641.5
20130716,6709.2
20130717,6613.29
20130718,6612.61
20130719,6471.28
20130722,6647.46
20130723,6817.15
20130724,6900.34
20130725,6702.04
20130726,6707.83
20130729,6593.28
20130730,6549.36
20130731,6602.62
20130801,6851.55
20130802,6887.08
20130805,7007.94
20130806,7063.52
20130807,6945.63
20130808,6990.69
20130809,6987.71
20130812,7019.92
20130813,7072.19
20130814,7038.9
20130815,6944.17
20130816,6762.42
20130819,6933.07
20130820,6947.36
20130821,6990.47
20130822,7028.23
20130823,7013.07
20130826,7163.14
20130827,7227.06
20130828,7123.21
20130829,7117.77
20130830,6922.86
20130902,7002.7
20130903,7140.7
20130904,7156.57
20130905,7219.42
20130906,7262.73
20130909,7269.04
20130910,7281.7
20130911,7130.86
20130912,7115.82
20130913,7196.77
20130916,7245.21
20130917,7174.38
20130918,7246.8
20130923,7432.82
20130924,7489.11
20130925,7442.84
20130926,7349.18
20130927,7371.63
20130930,7513.47
20131008,7654.13
20131009,7774.48
20131010,7723.23
20131011,7826.5
20131014,7952.49
20131015,7918.72
20131016,7705.91
20131017,7720.08
20131018,7788.84
20131021,8065.3
20131022,7956.99
20131023,7709.88
20131024,7687.91
20131025,7574.91
20131028,7580.96
20131029,7394.87
20131030,7564.07
20131031,7430.19
20131101,7324.57
20131104,7387.05
20131105,7531.11
20131106,7465.45
20131107,7328.89
20131108,7218.68
20131111,7316.64
20131112,7382.18
20131113,7249.31
20131114,7414.24
20131115,7565.66
20131118,7748.48
20131119,7800.62
20131120,7879.57
20131121,7871.92
20131122,7902.22
20131125,7946.56
20131126,8023.7
20131127,8154.3
20131128,8235.14
20131129,8399.4
20131202,7798.06
20131203,7926.96
20131204,7941.77
20131205,7841.9
20131206,7820.13
20131209,7990.23
20131210,7942.03
20131211,7892.26
20131212,8032.02
20131213,8085.53
20131216,8020.6
20131217,7948.36
20131218,7927.37
20131219,7896.95
20131220,7812.34
20131223,7835.52
20131224,7947.75
20131225,8158.55
20131226,8004.08
20131227,8162.91
20131230,8216.87
20131231,8150.37
20140102,8283.54
20140103,8333.88
20140106,8105.38
20140107,8225.38
20140108,8362.76
20140109,8224.78
20140110,8039.29
20140113,8056.32
20140114,8276.2
20140115,8383.69
20140116,8345.58
20140117,8294.06
20140120,8189.25
20140121,8340.55
20140122,8503.24
20140123,8601.55
20140124,8768.92
20140127,8776.17
20140128,8756.77
20140129,8929.92
20140130,8909.15
20140207,9132.88
20140210,9370.17
20140211,9313.02
20140212,9437.7
20140213,9182.92
20140214,9408.37
20140217,9689.29
20140218,9704.48
20140219,9694.65
20140220,9518.08
20140221,9537.14
20140224,9648.53
20140225,9155.87
20140226,9217.8
20140227,9029.4
20140228,9099.02
20140303,9303.52
20140304,9267.15
20140305,9262.37
20140306,9251.57
20140307,9220.0
20140310,8860.5
20140311,8807.59
20140312,8756.22
20140313,8919.7
20140314,8919.56
20140317,9172.67
20140318,9214.93
20140319,9196.85
20140320,8897.54
20140321,9003.66
20140324,8982.54
20140325,8955.34
20140326,9078.53
20140327,8867.25
20140328,8595.01
20140331,8533.93
20140401,8720.42
20140402,8615.61
20140403,8620.86
20140404,8710.22
20140408,8751.85
20140409,8885.04
20140410,8928.41
20140411,8858.9
20140414,8946.19
20140415,8900.45
20140416,8868.54
20140417,8902.42
20140418,8946.63
20140421,8825.52
20140422,8670.29
20140423,8625.94
20140424,8551.74
20140425,8349.41
20140428,8053.37
20140429,8147.72
20140430,8247.44
20140505,8351.22
20140506,8437.09
20140507,8276.32
20140508,8265.21
20140509,8137.24
20140512,8298.7
20140513,8294.06
20140514,8289.93
20140515,8132.48
20140516,8059.44
20140519,8065.63
20140520,8116.1
20140521,8196.53
20140522,8240.36
20140523,8372.0
20140526,8509.32
20140527,8433.34
20140528,8608.34
20140529,8513.53
20140530,8544.95
20140603,8510.92
20140604,8459.81
20140605,8600.26
20140606,8587.12
20140609,8482.26
20140610,8603.17
20140611,8658.48
20140612,8649.14
20140613,8791.45
20140616,8924.67
20140617,8842.22
20140618,8743.34
20140619,8462.65
20140620,8583.6
20140623,8757.16
20140624,8821.73
20140625,8813.41
20140626,9008.6
20140627,9071.35
20140630,9202.66
20140701,9242.83
20140702,9297.41
20140703,9375.21
20140704,9406.36
20140707,9370.92
20140708,9491.58
20140709,9318.27
20140710,9306.35
20140711,9338.05
20140714,9454.23
20140715,9323.52
20140716,9174.68
20140717,9151.28
20140718,9130.06
20140721,9080.01
20140722,9207.25
20140723,9020.55
20140724,8929.0
20140725,8962.73
20140728,9116.88
20140729,9224.32
20140730,9285.46
20140731,9300.17
20140801,9186.35
20140804,9286.52
20140805,9379.16
20140806,9428.7
20140807,9399.68
20140808,9484.41
20140811,9648.04
20140812,9690.39
20140813,9627.75
20140814,9615.21
20140815,9740.31
20140818,9911.48
20140819,9966.64
20140820,9945.65
20140821,9961.33
20140822,10067.16
20140825,10001.57
20140826,9802.8
20140827,9824.71
20140828,9722.34
20140829,9842.52
20140901,10037.02
20140902,10163.9
20140903,10280.29
20140904,10394.93
20140905,10418.41
20140909,10455.82
20140910,10549.59
20140911,10549.54
20140912,10689.72
20140915,10816.63
20140916,10475.16
20140917,10559.86
20140918,10677.28
20140919,10828.11
20140922,10749.4
20140923,10904.97
20140924,11034.68
20140925,11021.63
20140926,11077.0
20140929,11266.08
20140930,11392.79
20141008,11564.07
20141009,11551.18
20141010,11495.19
20141013,11532.42
20141014,11476.74
20141015,11491.78
20141016,11375.58
20141017,11289.19
20141020,11487.46
20141021,11438.64
20141022,11311.27
20141023,11119.63
20141024,11133.09
20141027,11290.19
20141028,11588.26
20141029,11748.31
20141030,11707.97
20141031,11675.77
20141103,11774.5
20141104,11641.2
20141105,11609.94
20141106,11776.12
20141107,11663.52
20141110,11701.8
20141111,11285.37
20141112,11513.48
20141113,11266.32
20141114,11218.7
20141117,11436.77
20141118,11506.32
20141119,11614.84
20141120,11587.37
20141121,11673.97
20141124,11761.1
20141125,11977.85
20141126,12068.89
20141127,12148.35
20141128,12165.31
20141201,12048.87
20141202,12169.46
20141203,12231.97
20141204,12424.25
20141205,12026.93
20141208,11856.1
20141209,11269.33
20141210,11692.17
20141211,11829.34
20141212,12073.6
20141215,12351.23
20141216,12289.59
20141217,12124.19
20141218,12065.17
20141219,11808.78
20141222,11104.74
20141223,10987.25
20141224,11312.68
20141225,11458.51
20141226,11439.05
20141229,11105.21
20141230,10889.43
20141231,10976.98
20150105,10970.12
20150106,11286.08
20150107,11214.6
20150108,11255.72
20150109,11255.23
20150112,11190.65
20150113,11430.31
20150114,11380.71
20150115,11389.23
20150116,11623.24
20150119,11475.39
20150120,12015.76
20150121,12258.68
20150122,12425.45
20150123,12252.37
20150126,12533.64
20150127,12630.75
20150128,12551.47
20150129,12454.81
20150130,12278.71
20150202,12340.05
20150203,12605.88
20150204,12611.43
20150205,12667.57
20150206,12366.36
20150209,12281.13
20150210,12478.59
20150211,12651.45
20150212,12740.88
20150213,13004.62
20150216,13374.67
20150217,13564.26
20150225,13455.3
20150226,13487.76
20150227,13704.61
20150302,14109.78
20150303,13964.37
20150304,14267.92
20150305,14255.4
20150306,13962.36
20150309,14188.08
20150310,14431.42
20150311,14422.39
20150312,14269.58
20150313,14563.39
20150316,15121.15
20150317,15287.79
20150318,15660.57
20150319,15790.57
20150320,16028.68
20150323,16611.16
20150324,16807.03
20150325,17005.87
20150326,16523.78
20150327,16730.07
20150330,16681.29
20150331,16919.77
20150401,17462.68
20150402,17939.3
20150403,18367.38
20150407,18845.72
20150408,18517.45
20150409,18517.5
20150410,19038.01
20150413,19508.28
20150414,19418.26
20150415,18594.61
20150416,18828.88
20150417,18794.64
20150420,18300.99
20150421,19227.94
20150422,20019.5
20150423,20382.16
20150424,20568.96
20150427,20565.73
20150428,19832.79
20150429,20331.31
20150430,20661.73
20150504,20695.28
20150505,20292.48
20150506,20355.85
20150507,20122.35
20150508,21202.85
20150511,22260.42
20150512,22849.23
20150513,22953.78
20150514,22952.87
20150515,23082.44
20150518,23969.23
20150519,24520.46
20150520,25245.37
20150521,26178.59
20150522,26024.14
20150525,26039.69
20150526,27073.58
20150527,27324.45
20150528,25919.77
20150529,26489.18
20150601,27953.51
20150602,29114.71
20150603,29354.59
20150604,29212.34
20150605,29357.67
20150608,28353.33
20150609,28334.17
20150610,29130.49
20150611,29599.15
20150612,29953.65
20150615,29181.69
20150616,27894.79
20150617,28502.6
20150618,27380.32
20150619,25862.96
20150623,25938.99
20150624,26358.79
20150625,25218.59
20150626,23275.02
20150629,21656.6
20150630,22602.1
20150701,21523.97
20150702,20213.72
20150703,19111.26
20150706,18259.78
20150707,17263.02
20150708,16955.3
20150709,17481.67
20150710,18077.0
20150713,18923.09
20150714,19534.25
20150715,18703.07
20150716,18916.84
20150717,19981.39
20150720,20648.47
20150721,21042.44
20150722,21415.35
20150723,22065.06
20150724,21766.68
20150727,20194.24
20150728,19328.04
20150729,20281.14
20150730,19570.71
20150731,19063.82
20150803,17916.62
20150804,19052.11
20150805,19068.07
20150806,18949.24
20150807,19676.36
20150810,20648.88
20150811,20831.1
20150812,20417.66
20150813,21060.3
20150814,21113.0
20150817,21218.39
20150818,19679.83
20150819,20244.15
20150820,19611.53
20150821,18428.15
20150824,16902.12
20150825,15564.2
20150826,14856.52
20150827,15454.55
20150828,16483.09
20150831,15676.98
20150901,14536.47
20150902,13936.04
20150907,14355.55
20150908,15160.86
20150909,15736.01
20150910,15437.9
20150911,15630.31
20150914,14520.77
20150915,13778.8
20150916,14768.28
20150917,14660.8
20150918,14980.55
20150921,15682.3
20150922,15740.3
20150923,15747.7
20150924,15947.62
20150925,15275.47
20150928,15856.62
20150929,15613.11
20150930,15635.75
20151008,16406.73
20151009,16681.58
20151012,17440.12
20151013,17761.15
20151014,17497.71
20151015,18118.94
20151016,18469.02
20151019,18418.94
20151020,18854.75
20151021,17620.36
20151022,18441.89
20151023,19119.08
20151026,19258.11
20151027,19397.31
20151028,18876.94
20151029,19040.38
20151030,19059.61
20151102,18534.46
20151103,18495.12
20151104,19625.39
20151105,19519.08
20151106,20115.02
20151109,20682.41
20151110,20958.17
20151111,21451.25
20151112,21543.99
20151113,20877.2
20151116,21398.11
20151117,21150.18
20151118,20708.58
20151119,21439.3
20151120,21834.7
20151123,21561.88
20151124,21920.78
20151125,22533.25
20151126,22358.63
20151127,20960.56
20151130,21219.63
20151201,21028.14
20151202,20622.08
20151203,21294.33
20151204,21266.93
20151207,21624.68
20151208,21375.57
20151209,21291.54
20151210,21380.1
20151211,21237.97
20151214,21594.29
20151215,21902.38
20151216,22193.47
20151217,22906.68
20151218,22846.8
20151221,23027.87
20151222,23263.07
20151223,22815.02
20151224,22874.52
20151225,23189.35
20151228,22887.14
20151229,23216.62
20151230,23510.18
20151231,23071.39
20160104,21030.76
20160105,20474.8
20160106,21037.44
20160107,19148.62
20160108,19187.59
20160111,17658.97
20160112,17675.92
20160113,16876.52
20160114,17627.19
20160115,17047.91
20160118,17488.3
20160119,18249.19
20160120,18148.81
20160121,17362.42
20160122,17673.14
20160125,17943.23
20160126,16551.57
20160127,16410.73
20160128,15664.89
20160129,16380.22
20160201,16200.49
20160202,16885.15
20160203,17009.72
20160204,17334.55
20160205,17053.98
20160215,17075.35
20160216,17883.88
20160217,18190.09
20160218,18044.31
20160219,18146.8
20160222,18483.41
20160223,18380.02
20160224,18449.94
20160225,16981.98
20160226,16869.72
20160229,15800.39
20160301,16212.52
20160302,17013.0
20160303,16992.79
20160304,16264.22
20160307,16675.97
20160308,16797.41
20160309,16471.73
20160310,16171.63
20160311,16141.77
20160314,16848.52
20160315,16670.0
20160316,16489.62
20160317,17221.81
20160318,18006.73
20160321,18521.48
20160322,18515.76
20160323,18825.86
20160324,18566.37
20160325,18566.58
20160328,18432.5
20160329,18065.5
20160330,18840.07
20160331,18874.72
20160401,18777.53
20160405,19387.51
20160406,19525.16
20160407,19209.45
20160408,19040.69
20160411,19522.57
20160412,19300.23
20160413,19608.55
20160414,19842.68
20160415,19843.43
20160418,19595.07
20160419,19688.77
20160420,18717.74
20160421,18402.54
20160422,18674.52
20160425,18505.18
20160426,18770.61
20160427,18694.05
20160428,18750.33
20160429,18713.68
20160503,19386.92
20160504,19365.25
20160505,19508.56
20160506,18710.63
20160509,17932.01
20160510,17919.44
20160511,17709.67
20160512,17770.26
20160513,17775.05
20160516,18198.94
20160517,18202.98
20160518,17570.52
20160519,17752.55
20160520,18027.88
20160523,18399.37
20160524,18172.55
20160525,18164.32
20160526,18372.68
20160527,18347.23
20160530,18216.75
20160531,19060.84
20160601,19268.48
20160602,19493.76
20160603,19514.26
20160606,19530.21
20160607,19587.04
20160608,19576.31
20160613,18484.96
20160614,18476.1
20160615,19280.31
20160616,19347.26
20160617,19546.21
20160620,19767.18
20160621,19476.21
20160622,19910.88
20160623,19805.05
20160624,19641.78
20160627,20226.63
20160628,20420.46
20160629,20465.69
20160630,20379.68
20160701,20306.07
20160704,20734.71
20160705,20785.73
20160706,20795.44
20160707,20865.03
20160708,20837.58
20160711,20544.92
20160712,20714.52
20160713,20827.16
20160714,20881.3
20160715,20729.53
20160718,20559.96
20160719,20710.88
20160720,20748.08
20160721,20748.8
20160722,20552.39
20160725,20504.41
20160726,20725.34
20160727,19644.13
20160728,19570.08
20160729,19435.68
20160801,19202.45
20160802,19380.4
20160803,19438.85
20160804,19594.55
20160805,19447.36
20160808,19668.98
20160809,19891.5
20160810,19801.86
20160811,19469.67
20160812,19651.98
20160815,20137.72
20160816,20255.16
20160817,20277.67
20160818,20252.76
20160819,20297.06
20160822,19994.01
20160823,20018.69
20160824,20127.69
20160825,20057.03
20160826,20107.67
20160829,20127.96
20160830,20122.49
20160831,20097.63
20160901,19928.85
20160902,19835.06
20160905,19902.23
20160906,20280.41
20160907,20207.18
20160908,20342.61
20160909,20174.59
20160912,19506.34
20160913,19673.34
20160914,19625.41
20160919,19837.14
20160920,19837.64
20160921,19864.03
20160922,19958.56
20160923,19858.96
20160926,19439.83
20160927,19634.75
20160928,19593.14
20160929,19676.98
20160930,19767.65
20161010,20252.77
20161011,20279.89
20161012,20285.53
20161013,20292.1
20161014,20314.52
20161017,20152.41
20161018,20466.31
20161019,20417.46
20161020,20477.82
20161021,20402.73
20161024,20518.5
20161025,20600.17
20161026,20484.6
20161027,20486.57
20161028,20310.93
20161031,20344.85
20161101,20608.72
20161102,20511.49
20161103,20628.93
20161104,20578.49
20161107,20556.67
20161108,20686.83
20161109,20446.67
20161110,20766.56
20161111,20837.87
20161114,20895.19
20161115,21015.69
20161116,21034.24
20161117,20900.32
20161118,20887.31
20161121,20998.64
20161122,21162.38
20161123,20999.56
20161124,20824.08
20161125,20894.89
20161128,20849.41
20161129,20620.93
20161130,20677.13
20161201,20726.73
20161202,20297.24
20161205,20276.05
20161206,20276.8
20161207,20498.06
20161208,20346.91
20161209,20289.56
20161212,19062.93
20161213,19109.5
20161214,18955.96
20161215,19163.85
20161216,19394.82
20161219,19381.1
20161220,19383.29
20161221,19536.74
20161222,19586.65
20161223,19329.66
20161226,19488.61
20161227,19482.23
20161228,19394.99
20161229,19335.95
20161230,19299.22
20170101,19467.83
20170103,19467.83
20170104,19726.52
20170105,19726.0
20170106,19534.14
20170109,19652.22
20170110,19585.95
20170111,19328.35
20170112,19163.22
20170113,18743.24
20170116,17885.53
20170117,18165.07
20170118,18080.93
20170119,18003.81
20170120,18361.8
20170123,18550.26
20170124,18412.07
20170125,18487.66
20170126,18627.56
20170203,18584.3
20170206,18882.88
20170207,18884.28
20170208,19068.05
20170209,19223.96
20170210,19118.5
20170213,19251.77
20170214,19225.08
20170215,19013.88
20170216,19100.94
20170217,18920.42
20170220,19113.11
20170221,19353.16
20170222,19425.39
20170223,19416.88
20170224,19518.4
20170227,19395.76
20170228,19480.6
20170301,19570.57
20170302,19446.28
20170303,19604.82
20170306,19895.3
20170307,19942.18
20170308,19839.54
20170309,19737.31
20170310,19811.57
20170313,19951.03
20170314,19913.88
20170315,19901.44
20170316,20139.4
20170317,19952.42
20170320,20057.54
20170321,20133.34
20170322,20064.03
20170323,20086.67
20170324,20137.24
20170327,20116.75
20170328,20059.85
20170329,19883.57
20170330,19462.16
20170331,19525.63
20170405,19983.24
20170406,20003.84
20170407,19970.39
20170410,19687.85
20170411,19828.26
20170412,19648.22
20170413,19709.5
20170414,19452.02
20170417,19208.64
20170418,19007.84
20170419,18851.46
20170420,18765.71
20170421,18656.68
20170424,18075.11
20170425,18157.66
20170426,18239.21
20170427,18446.23
20170428,18468.27
20170502,18477.58
20170503,18446.85
20170504,18360.33
20170505,18180.28
20170508,17914.87
20170509,18038.17
20170510,17671.92
20170511,17556.91
20170512,17541.48
20170515,17592.99
20170516,18023.17
20170517,18060.14
20170518,17943.91
20170519,17867.68
20170522,17517.91
20170523,17017.9
20170524,17112.8
20170525,17225.99
20170526,17256.95
20170531,17176.91
20170601,16662.83
20170602,16845.92
20170605,17047.69
20170606,17108.61
20170607,17524.93
20170608,17543.02
20170609,17529.7
20170612,17222.54
20170613,17505.51
20170614,17471.02
20170615,17751.33
20170616,17698.68
20170619,17864.82
20170620,17898.64
20170621,17907.98
20170622,17535.98
20170623,17557.99
20170626,17772.34
20170627,17823.62
20170628,17655.19
20170629,17761.68
20170630,17787.57
20170703,17988.96
20170704,17922.06
20170705,18098.1
20170706,18100.9
20170707,18178.89
20170710,18017.95
20170711,17814.02
20170712,17845.68
20170713,17812.08
20170714,17762.84
20170717,16743.23
20170718,16879.48
20170719,17069.71
20170720,17132.19
20170721,17155.26
20170724,17260.23
20170725,17249.18
20170726,17246.52
20170727,17615.11
20170728,17594.51
20170731,17717.66
20170801,17750.65
20170802,17552.92
20170803,17659.45
20170804,17566.68
20170807,17707.48
20170808,17777.04
20170809,17859.52
20170810,17708.43
20170811,17421.82
20170814,17843.91
20170815,17916.98
20170816,18088.36
20170817,18222.87
20170818,18164.68
20170821,18355.9
20170822,18199.07
20170823,18083.58
20170824,17962.38
20170825,18174.54
20170828,18458.9
20170829,18481.19
20170830,18518.63
20170831,18614.9
20170901,18777.72
20170904,18921.36
20170905,18896.43
20170906,19020.27
20170907,18949.05
20170908,18913.08
20170911,19159.97
20170912,19026.74
20170913,19092.7
20170914,19032.01
20170915,18928.81
20170918,19115.07
20170919,19061.11
20170920,19206.71
20170921,18988.4
20170922,18891.82
20170925,18543.64
20170926,18499.12
20170927,18683.37
20170928,18616.68
20170929,18802.55
20171009,19113.6
20171010,19314.68
20171011,19254.99
20171012,19162.25
20171013,19289.66
20171016,18893.34
20171017,18895.21
20171018,18688.09
20171019,18572.05
20171020,18774.55
20171023,18942.12
20171024,18790.44
20171025,18921.21
20171026,19025.85
20171027,18919.14
20171030,18441.78
20171031,18619.14
20171101,18644.52
20171102,18409.85
20171103,18317.82
20171106,18567.83
20171107,18626.97
20171108,18676.21
20171109,18777.91
20171110,18821.55
20171113,18887.78
20171114,18708.92
20171115,18481.75
20171116,18469.84
20171117,17788.03
20171120,17918.0
20171121,17914.05
20171122,17928.75
20171123,17422.03
20171124,17379.97
20171127,17169.41
20171128,17479.47
20171129,17541.42
20171130,17455.0
20171201,17682.65
20171204,17458.61
20171205,16930.2
20171206,17158.29
20171207,17094.72
20171208,17344.7
20171211,17657.14
20171212,17465.6
20171213,17614.27
20171214,17678.37
20171215,17595.78
20171218,17382.52
20171219,17562.65
20171220,17406.36
20171221,17485.53
20171222,17443.58
20171225,17215.12
20171226,17301.76
20171227,17128.21
20171228,17198.97
20171229,17365.51
20180102,17603.53
20180103,17787.77
20180104,17848.15
20180105,17891.9
20180108,17941.37
20180109,17944.63
20180110,17901.03
20180111,18007.47
20180112,17841.29
20180115,17284.96
20180116,17418.31
20180117,17309.88
20180118,17303.14
20180119,17237.68
20180122,17430.88
20180123,17422.27
20180124,17594.91
20180125,17536.68
20180126,17572.92
20180129,17318.45
20180130,17240.58
20180131,16882.79
20180201,16241.58
20180202,16226.63
20180205,16133.82
20180206,15210.09
20180207,15169.6
20180208,15422.91
20180209,14886.77
20180212,15330.76
20180213,15372.37
20180214,15406.37
20180222,15737.11
20180223,15770.58
20180226,16165.1
20180227,16239.35
20180228,16391.71
20180301,16729.45
20180302,16644.68
20180305,16756.89
20180306,16897.24
20180307,16771.17
20180308,16926.97
20180309,17246.73
20180312,17515.6
20180313,17422.09
20180314,17227.0
20180315,17223.47
20180316,17178.67
20180319,17323.53
20180320,17365.75
20180321,17150.42
20180322,17170.75
20180323,16258.21
20180326,16679.73
20180327,17217.63
20180328,17113.65
20180329,17283.08
20180330,17662.99
20180402,17731.37
20180403,17585.62
20180404,17357.93
20180409,17453.69
20180410,17453.16
20180411,17619.99
20180412,17545.95
20180413,17503.79
20180416,17560.57
20180417,17002.91
20180418,17359.3
20180419,17430.64
20180420,17015.57
20180423,16813.36
20180424,17304.48
20180425,17500.09
20180426,17138.44
20180427,17201.89
20180502,17111.5
20180503,17281.57
20180504,17229.0
20180507,17594.71
20180508,17678.32
20180509,17710.44
20180510,17825.74
20180511,17534.35
20180514,17378.29
20180515,17630.5
20180516,17517.53
20180517,17439.36
20180518,17485.32
20180521,17690.48
20180522,17774.58
20180523,17582.91
20180524,17509.09
20180525,17291.92
20180528,17124.74
20180529,16961.44
20180530,16432.41
20180531,16738.06
20180601,16469.96
20180604,16411.44
20180605,16781.36
20180606,16804.25
20180607,16670.57
20180608,16520.45
20180611,16353.13
20180612,16552.94
20180613,16271.95
20180614,16234.29
20180615,15888.35
20180619,14840.4
20180620,15230.33
20180621,14901.54
20180622,15214.44
20180625,15138.58
20180626,15332.3
20180627,15146.92
20180628,14942.59
20180629,15529.44
20180702,15390.18
20180703,15552.07
20180704,15269.55
20180705,14839.14
20180706,14935.99
20180709,15386.45
20180710,15530.41
20180711,15251.07
20180712,15707.46
20180713,15817.39
20180716,15864.96
20180717,15821.28
20180718,15645.32
20180719,15437.84
20180720,15651.44
20180723,15777.02
20180724,15964.68
20180725,15940.31
20180726,15707.77
20180727,15605.26
20180730,15371.34
20180731,15355.16
20180801,15096.37
20180802,14779.1
20180803,14443.89
20180806,14055.09
20180807,14466.2
20180808,14111.65
20180809,14552.01
20180810,14674.63
20180813,14812.56
20180814,14721.79
20180815,14388.56
20180816,14271.2
20180817,14000.61
20180820,14128.97
20180821,14342.25
20180822,14149.8
20180823,14261.26
20180824,14179.64
20180827,14580.14
20180828,14617.47
20180829,14495.05
20180830,14221.87
20180831,14014.35
20180903,14017.04
20180904,14183.16
20180905,13920.87
20180906,13856.72
20180907,13870.77
20180910,13564.71
20180911,13563.89
20180912,13486.25
20180913,13588.87
20180914,13386.01
20180917,13153.77
20180918,13456.86
20180919,13624.16
20180920,13549.87
20180921,13732.09
20180925,13677.93
20180926,13764.6
20180927,13588.1
20180928,13720.53
20181008,13207.94
20181009,13205.83
20181010,13231.91
20181011,12259.41
20181012,12333.95
20181015,12167.65
20181016,11895.04
20181017,12011.79
20181018,11636.4
20181019,11954.06
20181022,12599.18
20181023,12383.74
20181024,12357.65
20181025,12240.68
20181026,12202.01
20181029,12005.37
20181030,12127.82
20181031,12348.72
20181101,12414.59
20181102,12851.22
20181105,12896.27
20181106,12862.43
20181107,12817.56
20181108,12711.35
20181109,12697.63
20181112,13064.93
20181113,13239.06
20181114,13213.44
20181115,13483.18
20181116,13553.67
20181119,13596.6
20181120,13235.51
20181121,13271.21
20181122,13267.87
20181123,12740.35
20181126,12708.84
20181127,12776.38
20181128,12945.58
20181129,12644.05
20181130,12759.27
20181203,13179.53
20181204,13311.85
20181205,13267.64
20181206,13027.56
20181207,13009.44
20181210,12873.22
20181211,12997.92
20181212,13001.77
20181213,13157.53
20181214,12834.48
20181217,12746.84
20181218,12685.53
20181219,12519.34
20181220,12528.18
20181221,12449.39
20181224,12622.21
20181225,12550.49
20181226,12531.08
20181227,12379.79
20181228,12403.0
20190102,12252.47
20190103,12104.04
20190104,12445.49
20190107,12696.89
20190108,12657.97
20190109,12653.52
20190110,12592.85
20190111,12653.97
20190114,12531.01
20190115,12685.24
20190116,12755.9
20190117,12603.45
20190118,12738.35
20190121,12820.41
20190122,12677.42
20190123,12705.72
20190124,12777.79
20190125,12767.32
20190128,12711.08
20190129,12551.6
20190130,12418.83
20190131,12324.23
20190201,12653.04
20190211,13005.7
20190212,13188.29
20190213,13395.44
20190214,13440.75
20190215,13356.9
20190218,13827.78
20190219,13820.33
20190220,13795.4
20190221,13693.73
20190222,13938.02
20190225,14662.06
20190226,14564.56
20190227,14502.7
20190228,14680.07
20190301,14746.77
20190304,14989.94
20190305,15314.8
20190306,15540.52
20190307,15660.13
20190308,15053.22
20190311,15749.63
20190312,16104.34
20190313,15828.36
20190314,15551.55
20190315,15760.57
20190318,16191.23
20190319,16249.71
20190320,16142.51
20190321,16240.63
20190322,16304.14
20190325,16204.59
20190326,15789.59
20190327,15981.98
20190328,15813.27
20190329,16300.67
20190401,16889.53
20190402,16967.59
20190403,17080.01
20190404,17141.67
20190408,17059.16
20190409,17047.08
20190410,16997.36
20190411,16552.24
20190412,16516.12
20190415,16350.58
20190416,16672.83
20190417,16766.6
20190418,16681.26
20190419,16782.9
20190422,16583.89
20190423,16269.11
20190424,16481.98
20190425,15867.78
20190426,15818.85
20190429,15456.56
20190430,15553.66
20190506,14378.43
20190507,14591.07
20190508,14522.31
20190509,14421.68
20190510,15006.75
20190513,14903.62
20190514,14772.15
20190515,15105.03
20190516,15213.94
20190517,14704.62
20190520,14656.77
20190521,14938.05
20190522,14860.61
20190523,14508.96
20190524,14368.49
20190527,14788.72
20190528,14788.5
20190529,14824.15
20190530,14732.99
20190531,14709.2
20190603,14519.42
20190604,14270.77
20190605,14258.75
20190606,13990.6
20190610,14198.04
20190611,14694.23
20190612,14615.36
20190613,14671.93
20190614,14359.46
20190617,14331.09
20190618,14321.91
20190619,14567.59
20190620,14814.89
20190621,15080.28
20190624,15079.99
20190625,14923.87
20190626,15037.59
20190627,15285.31
20190628,15095.34
20190701,15592.89
20190702,15681.03
20190703,15512.67
20190704,15430.3
20190705,15501.07
20190708,14995.48
20190709,15068.88
20190710,14955.04
20190711,14960.15
20190712,15022.7
20190715,15211.67
20190716,15204.75
20190717,15185.62
20190718,14877.76
20190719,14974.1
20190722,14607.9
20190723,14801.8
20190724,14989.12
20190725,15050.08
20190726,15088.07
20190729,15145.6
20190730,15275.11
20190731,15189.22
20190801,15130.46
20190802,14878.91
20190805,14673.81
20190806,14449.72
20190807,14359.57
20190808,14443.23
20190809,14298.92
20190812,14626.5
20190813,14557.37
20190814,14734.45
20190815,14865.89
20190816,14994.58
20190819,15505.02
20190820,15468.88
20190821,15534.17
20190822,15589.98
20190823,15554.78
20190826,15431.81
20190827,15700.53
20190828,15687.08
20190829,15637.78
20190830,15487.99
20190902,15917.89
20190903,16018.18
20190904,16128.1
20190905,16279.09
20190906,16370.65
20190909,16834.29
20190910,16858.49
20190911,16712.7
20190912,16782.33
20190916,16879.27
20190917,16495.8
20190918,16513.05
20190919,16719.84
20190920,16834.91
20190923,16661.7
20190924,16789.2
20190925,16490.06
20190926,15946.53
20190927,16133.04
20190930,15943.67
20191008,15963.59
20191009,16193.91
20191010,16524.14
20191011,16554.75
20191014,16810.81
20191015,16582.83
20191016,16588.89
20191017,16574.5
20191018,16356.33
20191021,16239.16
20191022,16471.01
20191023,16322.16
20191024,16291.73
20191025,16399.38
20191028,16764.46
20191029,16568.48
20191030,16507.41
20191031,16364.53
20191101,16554.66
20191104,16717.53
20191105,16829.35
20191106,16677.59
20191107,16835.64
20191108,16752.63
20191111,16330.36
20191112,16331.48
20191113,16380.11
20191114,16463.95
20191115,16274.85
20191118,16361.4
20191119,16742.11
20191120,16674.32
20191121,16580.7
20191122,16201.7
20191125,16085.71
20191126,16126.91
20191127,16083.04
20191128,16057.6
20191129,15998.48
20191202,16012.57
20191203,16129.65
20191204,16147.79
20191205,16372.6
20191206,16540.29
20191209,16554.96
20191210,16606.51
20191211,16504.69
20191212,16519.47
20191213,16794.02
20191216,17092.22
20191217,17227.18
20191218,17161.99
20191219,17230.89
20191220,17062.29
20191223,16726.9
20191224,17037.83
20191225,17147.31
20191226,17250.44
20191227,17045.1
20191230,17147.75
20191231,17283.88
20200102,17646.72
20200103,17725.26
20200106,17837.41
20200107,18205.17
20200108,17984.1
20200109,18354.78
20200110,18450.09
20200113,18772.03
20200114,18675.54
20200115,18786.8
20200116,18815.12
20200117,18845.87
20200120,19157.65
20200121,19052.63
20200122,19152.91
20200123,18408.18
20200203,16764.04
20200204,17134.87
20200205,17546.2
20200206,18097.01
20200207,18360.09
20200210,18604.17
20200211,18578.32
20200212,18985.01
20200213,18739.31
20200214,18742.8
20200217,19437.05
20200218,19940.2
20200219,19761.0
20200220,20220.45
20200221,20526.38
20200224,21046.11
20200225,21106.41
20200226,20272.0
20200227,20605.47
20200228,19525.0
20200302,20411.48
20200303,20730.79
20200304,20690.64
20200305,20842.15
20200306,20737.58
20200309,19806.01
20200310,20388.61
20200311,20002.55
20200312,19584.82
20200313,19437.39
20200316,18361.42
20200317,18425.29
20200318,18253.34
20200319,18494.04
20200320,18668.01
20200323,17922.32
20200324,18278.69
20200325,18734.11
20200326,18611.5
20200327,18602.38
20200330,18153.4
20200331,18215.64
20200401,18165.8
20200402,18666.32
20200403,18560.5
20200407,19189.64
20200408,19257.59
20200409,19539.63
20200410,19056.74
20200413,18854.67
20200414,19306.51
20200415,19184.97
20200416,19341.01
20200417,19441.1
20200420,19793.3
20200421,19753.37
20200422,19882.19
20200423,19687.96
20200424,19379.75
20200427,19403.15
20200428,19250.3
20200429,19294.36
20200430,19654.63
20200506,20063.93
20200507,20071.75
20200508,20307.89
20200511,20271.11
20200512,20368.65
20200513,20618.38
20200514,20384.15
20200515,20468.53
20200518,20409.64
20200519,20717.1
20200520,20386.27
20200521,20163.07
20200522,19728.68
20200525,19691.22
20200526,20159.69
20200527,19905.49
20200528,19911.94
20200529,20116.34
20200601,20745.72
20200602,20664.72
20200603,20656.22
20200604,20645.88
20200605,20698.46
20200608,20644.52
20200609,20890.81
20200610,20984.23
20200611,20876.46
20200612,20954.48
20200615,20962.76
20200616,21540.76
20200617,21570.17
20200618,21545.39
20200619,21763.19
20200622,21934.38
20200623,22128.41
20200624,22126.46
20200629,22122.49
20200630,22657.65
20200701,22790.53
20200702,22947.86
20200703,23113.82
20200706,23840.7
20200707,24348.58
20200708,24898.18
20200709,25671.87
20200710,25665.2
20200713,26558.77
20200714,26288.92
20200715,25618.59
20200716,24153.17
20200717,24413.27
20200720,25093.45
20200721,25307.43
20200722,25630.61
20200723,25678.11
20200724,24224.68
20200727,24127.52
20200728,24506.86
20200729,25268.23
20200730,25204.48
20200731,25634.52
20200803,26371.61
20200804,26154.21
20200805,26550.87
20200806,26368.86
20200807,25971.12
20200810,26151.36
20200811,25677.44
20200812,25145.12
20200813,25170.12
20200814,25516.36
20200817,26080.32
20200818,26437.59
20200819,25920.36
20200820,25517.41
20200821,25804.82
20200824,26030.37
20200825,25982.36
20200826,25246.15
20200827,25579.82
20200828,25858.54
20200831,25901.29
20200901,25989.78
20200902,26019.11
20200903,25714.86
20200904,25521.43
20200907,24803.43
20200908,24763.83
20200909,23906.76
20200910,23342.76
20200911,23806.69
20200914,24080.75
20200915,24293.1
20200916,24020.71
20200917,24136.17
20200918,24520.99
20200921,24394.71
20200922,24094.29
20200923,24314.46
20200924,23673.61
20200925,23558.12
20200928,23312.84
20200929,23576.07
20200930,23588.9
20201009,24311.41
20201012,25092.09
20201013,25226.42
20201014,25115.27
20201015,24963.63
20201016,24840.67
20201019,24615.11
20201020,24916.02
20201021,24641.22
20201022,24438.61
20201023,23920.72
20201026,24104.42
20201027,24256.38
20201028,24326.5
20201029,24367.61
20201030,23768.14
20201102,23870.5
20201103,24243.68
20201104,24279.26
20201105,24743.32
20201106,24395.58
20201109,25018.99
20201110,24837.76
20201111,24419.01
20201112,24574.17
20201113,24451.98
20201116,24700.84
20201117,24401.09
20201118,24247.78
20201119,24366.43
20201120,24581.23
20201123,24649.82
20201124,24488.72
20201125,24067.83
20201126,23799.88
20201127,23830.88
20201130,23729.42
20201201,24171.02
20201202,24260.6
20201203,24209.72
20201204,24283.65
20201207,24303.27
20201208,24357.25
20201209,23984.88
20201210,24023.96
20201211,23545.2
20201214,23807.89
20201215,23959.75
20201216,23751.51
20201217,23954.47
20201218,23843.16
20201221,24235.45
20201222,23676.23
20201223,23833.18
20201224,23511.49
20201225,23693.4
20201228,23424.43
20201229,23340.17
20201230,23459.97
20201231,23948.08
20210104,24469.24
20210105,24586.29
20210106,24331.14
20210107,23964.58
20210108,23852.95
20210111,23562.0
20210112,23996.06
20210113,23877.94
20210114,24024.59
20210115,24163.6
20210118,24652.9
20210119,24445.94
20210120,24732.73
20210121,25003.12
20210122,25002.48
20210125,24711.16
20210126,24249.64
20210127,24267.24
20210128,23716.29
20210129,23444.8
20210201,23728.01
20210202,24127.02
20210203,23748.39
20210204,23256.99
20210205,22737.98
20210208,22952.05
20210209,23555.27
20210210,23860.11
20210218,24088.41
20210219,24411.02
20210222,24173.08
20210223,23968.1
20210224,23797.07
20210225,23681.78
20210226,23402.65
20210301,24044.62
20210302,24075.46
20210303,24412.09
20210304,23850.21
20210305,23946.85
20210308,23404.91
20210309,22501.01
20210310,22395.14
20210311,22907.36
20210312,22936.1
20210315,22579.82
20210316,22785.73
20210317,22987.8
20210318,23228.48
20210319,23087.11
20210322,23398.21
20210323,23300.5
20210324,22905.84
20210325,22942.77
20210326,23381.49
20210329,23486.57
20210330,23595.18
20210331,23512.72
20210401,23685.77
20210402,23780.31
20210406,24009.84
20210407,23907.42
20210408,23911.42
20210409,23870.74
20210412,23395.19
20210413,23318.49
20210414,23648.98
20210415,23607.09
20210416,23844.84
20210419,24326.65
20210420,24294.4
20210421,24336.69
20210422,24489.72
20210423,24396.22
20210426,24306.0
20210427,24242.34
20210428,24423.85
20210429,24143.41
20210430,24014.25
20210506,24004.16
20210507,23436.19
20210510,23306.64
20210511,23258.82
20210512,23552.49
20210513,23353.2
20210514,23725.48
20210517,23913.51
20210518,23910.4
20210519,23903.85
20210520,24039.72
20210521,23922.33
20210524,24202.47
20210525,24600.39
20210526,24632.52
20210527,24948.67
20210528,24859.7
20210531,25373.67
20210601,25641.36
20210602,25212.82
20210603,25094.55
20210604,25219.11
20210607,25582.72
20210608,25382.96
20210609,25348.79
20210610,25848.57
20210611,25587.62
20210615,25565.94
20210616,24929.23
20210617,25369.56
20210618,25623.44
20210621,26113.28
20210622,26243.86
20210623,26464.89
20210624,26197.01
20210625,26354.78
20210628,26774.37
20210629,26594.73
20210630,26828.64
20210701,26512.71
20210702,26146.78
20210705,26475.41
20210706,26174.19
20210707,26730.36
20210708,26841.05
20210709,26861.59
20210712,27383.82
20210713,27696.08
20210714,27300.14
20210715,27267.22
20210716,26982.49
20210719,26909.22
20210720,26950.71
20210721,27418.07
20210722,27540.52
20210723,27267.86
20210726,26948.61
20210727,26243.99
20210728,25788.82
20210729,26717.08
20210730,26737.25
20210802,27255.59
20210803,27229.35
20210804,27901.94
20210805,27879.3
20210806,27773.89
20210809,27997.43
20210810,28249.74
20210811,28258.84
20210812,28357.58
20210813,28242.31
20210816,28022.93
20210817,27247.06
20210818,27254.34
20210819,27486.46
20210820,27368.88
20210823,28103.36
20210824,28449.45
20210825,28583.48
20210826,28092.17
20210827,27980.79
20210830,28002.82
20210831,27798.11
20210901,27557.54
20210902,27587.42
20210903,27225.92
20210906,27738.1
20210907,28248.2
20210908,28080.85
20210909,28070.32
20210910,28194.35
20210913,27959.15
20210914,27955.85
20210915,27993.26
20210916,27289.61
20210917,27299.84
20210922,27620.86
20210923,27668.16
20210924,27281.19
20210927,26566.28
20210928,26584.69
20210929,25640.55
20210930,26425.57
20211008,26330.43
20211011,26268.64
20211012,25591.62
20211013,25857.02
20211014,26047.29
20211015,26159.0
20211018,26434.84
20211019,26702.01
20211020,26660.25
20211021,26514.84
20211022,26314.47
20211025,26591.0
20211026,26564.38
20211027,26291.78
20211028,25872.16
20211029,26256.84
20211101,26577.22
20211102,26340.07
20211103,26383.98
20211104,26832.93
20211105,26541.3
20211108,26529.29
20211109,26980.51
20211110,26980.87
20211111,27256.09
20211112,27743.53
20211115,27758.95
20211116,27624.33
20211117,28069.02
20211118,27999.38
20211119,28402.83
20211122,28992.28
20211123,29027.03
20211124,29130.25
20211125,29143.09
20211126,29229.19
20211129,29462.31
20211130,29664.81
20211201,29510.41
20211202,29084.71
20211203,29140.73
20211206,28709.22
20211207,28104.7
20211208,28654.57
20211209,28682.26
20211210,28750.51
20211213,28833.33
20211214,28908.36
20211215,28740.19
20211216,28864.59
20211217,28371.57
20211220,27969.35
20211221,28215.11
20211222,28531.18
20211223,28561.07
20211224,28142.78
20211227,28216.05
20211228,28527.5
20211229,28480.81
20211230,28808.94
20211231,29111.39
20220104,28863.14
20220105,28123.81
20220106,28300.62
20220107,27808.36
20220110,28143.07
20220111,27726.18
20220112,28385.04
20220113,27832.37
20220114,28156.56
20220117,28399.54
20220118,28194.44
20220119,27805.14
20220120,27166.02
20220121,26687.27
20220124,26894.98
20220125,25961.48
20220126,26047.68
20220127,25441.08
20220128,25509.52
20220207,25778.89
20220208,25788.7
20220209,26172.31
20220210,25985.59
20220211,25387.29
20220214,25260.85
20220215,25774.38
20220216,26017.36
20220217,26122.16
20220218,26136.05
20220221,26408.98
20220222,26237.21
20220223,26944.5
20220224,26453.25
20220225,26791.14
20220228,27020.68
20220301,27025.51
20220302,26919.51
20220303,26657.67
20220304,26400.07
20220307,25738.33
20220308,24884.31
20220309,24471.62
20220310,25190.09
20220311,25439.29
20220314,24803.67
20220315,23675.86
20220316,24375.95
20220317,24907.25
20220318,24982.16
20220321,25229.55
20220322,25018.83
20220323,25307.12
20220324,25033.61
20220325,24718.05
20220328,24513.06
20220329,24302.77
20220330,24950.87
20220331,24603.15
20220401,24715.44
20220406,24558.13
20220407,24028.13
20220408,23822.6
20220411,22942.46
20220412,23226.5
20220413,22842.47
20220414,23060.06
20220415,22873.32
20220418,23195.69
20220419,23203.95
20220420,22953.54
20220421,22179.23
20220422,21910.53
20220425,20280.26
20220426,19792.29
20220427,20798.77
20220428,20586.7
20220429,21528.84
20220505,21982.69
20220506,21791.74
20220509,21970.88
20220510,22369.9
20220511,22634.15
20220512,22771.0
20220513,22929.84
20220516,22901.84
20220517,23080.15
20220518,23057.73
20220519,23235.8
20220520,23557.03
20220523,23772.01
20220524,22861.88
20220525,23160.71
20220526,23293.3
20220527,23273.71
20220530,23516.39
20220531,23843.85
20220601,23981.18
20220602,24442.95
20220606,25101.74
20220607,25116.3
20220608,25086.58
20220609,24568.38
20220610,25103.93
20220613,25352.14
20220614,25223.6
20220615,25182.83
20220616,25335.5
20220617,25738.87
20220620,25972.02
20220621,25707.07
20220622,25406.01
20220623,25947.53
20220624,26292.56
20220627,26497.13
20220628,26780.39
20220629,26200.75
20220630,26683.41
20220701,26652.85
20220704,27074.43
20220705,26870.93
20220706,26603.44
20220707,26881.46
20220708,26759.15
20220711,26369.02
20220712,25846.04
20220713,26040.64
20220714,26480.1
20220715,26231.96
20220718,26514.36
20220719,26615.71
20220720,26966.67
20220721,26865.53
20220722,26718.89
20220725,26594.65
20220726,26846.31
20220727,27134.62
20220728,27278.67
20220729,27113.53
20220801,27436.59
20220802,26749.88
20220803,26595.34
20220804,26767.48
20220805,27297.42
20220808,27649.19
20220809,27832.72
20220810,27880.0
20220811,28130.08
20220812,27814.8
20220815,27974.12
20220816,28061.08
20220817,28064.43
20220818,28312.72
20220819,27730.64
20220822,27939.08
20220823,28053.03
20220824,26984.36
20220825,26832.89
20220826,26594.04
20220829,26812.74
20220830,26607.91
20220831,25718.31
20220901,25703.67
20220902,25801.96
20220905,25877.15
20220906,26385.46
20220907,26652.56
20220908,26249.78
20220909,26347.49
20220913,26337.19
20220914,26070.48
20220915,25306.14
20220916,24933.31
20220919,24646.76
20220920,24818.7
20220921,24691.32
20220922,24764.87
20220923,24216.14
20220926,24018.37
20220927,24601.82
20220928,23916.72
20220929,24115.59
20220930,23684.34
20221010,23059.66
20221011,23102.3
20221012,23734.9
20221013,24139.87
20221014,24957.2
20221017,25344.52
20221018,25579.45
20221019,25440.97
20221020,25341.59
20221021,25424.81
20221024,25285.65
20221025,24952.68
20221026,25716.06
20221027,25513.84
20221028,24725.23
20221031,25106.99
20221101,25515.31
20221102,25871.46
20221103,26053.42
20221104,26421.27
20221107,26372.99
20221108,26349.47
20221109,26271.14
20221110,25936.71
20221111,25893.01
20221114,25871.51
20221115,26489.34
20221116,26334.44
20221117,26432.84
20221118,26246.12
20221121,26428.06
20221122,25848.8
20221123,25737.34
20221124,25811.18
20221125,25429.03
20221128,25299.03
20221129,25685.76
20221130,25611.63
20221201,25949.88
20221202,26051.76
20221205,25980.1
20221206,25948.27
20221207,25973.92
20221208,25760.99
20221209,25806.55
20221212,25702.17
20221213,25328.81
20221214,25254.48
20221215,25356.14
20221216,24969.62
20221219,24555.11
20221220,24409.91
20221221,24147.54
20221222,23869.49
20221223,23782.53
20221226,24270.15
20221227,24544.16
20221228,24303.18
20221229,24416.42
20221230,24441.88
20230101,25089.24
20230103,25089.24
20230104,25186.97
20230105,25473.32
20230106,25566.94
20230109,25667.85
20230110,25754.23
20230111,25570.32
20230112,25568.76
20230113,25708.74
20230116,26031.46
20230117,26068.74
20230118,26155.23
20230119,26452.98
20230120,26639.7
20230130,26875.49
20230131,26917.74
20230201,27319.45
20230202,27430.08
20230203,27523.36
20230206,27461.84
20230207,27497.61
20230208,27303.03
20230209,27783.63
20230210,27673.05
20230213,28133.98
20230214,28138.14
20230215,28150.95
20230216,27617.5
20230217,27342.97
20230220,27686.61
20230221,27720.17
20230222,27879.08
20230223,27716.96
20230224,27606.62
20230227,27448.69
20230228,27698.92
20230301,27923.03
20230302,27807.27
20230303,27706.46
20230306,27895.17
20230307,27334.52
20230308,27436.9
20230309,27535.2
20230310,27236.81
20230313,27521.89
20230314,27245.39
20230315,27223.59
20230316,26786.07
20230317,26937.66
20230320,26728.49
20230321,27203.86
20230322,27326.6
20230323,27307.71
20230324,27294.78
20230327,27290.25
20230328,27151.66
20230329,27078.94
20230330,27221.34
20230331,27427.38
20230403,27721.88
20230404,27666.79
20230406,27754.47
20230407,28173.66
20230410,27927.06
20230411,27921.67
20230412,28035.8
20230413,27921.57
20230414,28089.71
20230417,28069.72
20230418,28181.88
20230419,28066.8
20230420,28072.03
20230421,27324.96
20230424,27076.99
20230425,26478.25
20230426,26601.49
20230427,26729.4
20230428,26981.22
20230504,26820.38
20230505,26499.03
20230508,26705.23
20230509,26335.11
20230510,26388.12
20230511,26375.65
20230512,26101.88
20230515,26314.2
20230516,26088.25
20230517,26208.61
20230518,26433.29
20230519,26478.34
20230522,26510.54
20230523,26296.89
20230524,26267.08
20230525,26282.68
20230526,26472.18
20230529,26485.09
20230530,26555.75
20230531,26590.78
20230601,26602.33
20230602,26690.31
20230605,26691.64
20230606,26120.12
20230607,26129.73
20230608,25807.97
20230609,26087.95
20230612,26224.9
20230613,26321.18
20230614,26406.56
20230615,26540.46
20230616,26767.61
20230619,26902.91
20230620,26956.18
20230621,26357.85
20230626,25716.78
20230627,26094.54
20230628,25987.46
20230629,26245.19
20230630,26525.01
20230703,26630.46
20230704,26624.85
20230705,26343.3
20230706,26161.68
20230707,25936.62
20230710,25944.57
20230711,26123.23
20230712,25725.37
20230713,25893.01
20230714,25856.51
20230717,25744.23
20230718,25656.54
20230719,25576.31
20230720,25209.53
20230721,25103.47
20230724,25069.33
20230725,25347.49
20230726,25056.05
20230727,24799.97
20230728,25090.56
20230731,25225.05
20230801,25165.48
20230802,25190.46
20230803,25209.27
20230804,25376.34
20230807,25301.36
20230808,25181.85
20230809,24984.04
20230810,25056.13
20230811,24589.77
20230814,24728.79
20230815,24464.91
20230816,24119.7
20230817,24376.94
20230818,23900.17
20230821,23649.58
20230822,23912.04
20230823,23374.31
20230824,23441.89
20230825,22932.9
20230828,23061.67
20230829,23920.58
20230830,24208.45
20230831,24099.79
20230901,24032.38
20230904,24181.05
20230905,24106.16
20230906,24160.75
20230907,23735.66
20230908,23770.09
20230911,24084.23
20230912,24036.03
20230913,23719.07
20230914,23519.95
20230915,23531.24
20230918,23532.69
20230919,23333.61
20230920,23073.17
20230921,22898.12
20230922,23388.2
20230925,23352.11
20230926,23390.5
20230927,23655.41
20230928,23854.81
20231009,23713.12
20231010,23497.25
20231011,23590.57
20231012,23610.26
20231013,23386.79
20231016,23065.41
20231017,23107.61
20231018,22671.35
20231019,22511.64
20231020,22168.6
20231023,21680.87
20231024,21988.38
20231025,22023.36
20231026,22180.94
20231027,22625.08
20231030,22907.72
20231031,22721.82
20231101,22590.21
20231102,22276.59
20231103,22625.49
20231106,23180.61
20231107,23232.13
20231108,23350.72
20231109,23250.07
20231110,23184.15
20231113,23372.72
20231114,23495.3
20231115,23660.72
20231116,23395.16
20231117,23651.65
20231120,23781.82
20231121,23603.11
20231122,23327.95
20231123,23570.03
20231124,23191.78
20231127,23275.67
20231128,23387.25
20231129,23299.45
20231130,23161.43
20231201,23365.03
20231204,23281.49
20231205,22865.6
20231206,23023.94
20231207,23048.97
20231208,23023.22
20231211,23368.86
20231212,23364.23
20231213,23150.45
20231214,23087.58
20231215,22877.4
20231218,22599.82
20231219,22697.24
20231220,22289.46
20231221,22461.09
20231222,22269.38
20231225,22341.83
20231226,22039.5
20231227,22193.01
20231228,22680.3
20231229,23094.91
20240102,22903.79
20240103,22781.63
20240104,22590.29
20240105,22123.15
20240108,21594.6
20240109,21675.68
20240110,21589.68
20240111,21951.84
20240112,21838.45
20240115,21823.37
20240116,21861.08
20240117,21288.14
20240118,21312.53
20240119,21007.14
20240122,19849.36
20240123,20262.2
20240124,20428.33
20240125,21061.95
20240126,20697.79
20240129,20081.99
20240130,19554.83
20240131,18874.9
20240201,18865.76
20240202,18251.43
20240205,17385.53
20240206,18772.7
20240207,19586.9
20240208,20278.2
20240219,20427.07
20240220,20417.05
20240221,20472.36
20240222,20725.9
20240223,20964.05
20240226,21110.25
20240227,21674.91
20240228,20739.97
20240229,21631.34
20240301,21891.08
20240304,22171.98
20240305,22019.1
20240306,22056.69
20240307,21674.34
20240308,22023.23
20240311,22435.97
20240312,22533.79
20240313,22674.26
20240314,22508.62
20240315,22763.06
20240318,23229.85
20240319,23029.69
20240320,23217.74
20240321,23165.82
20240322,22891.95
20240325,22442.74
20240326,22297.65
20240327,21614.4
20240328,22037.09
20240329,22277.37
20240401,22833.31
20240402,22672.57
20240403,22472.41
20240408,22080.33
20240409,22371.29
20240410,21910.67
20240411,21982.95
20240412,21918.26
20240415,21875.09
20240416,21070.81
20240417,21876.35
20240418,21976.32
20240419,21794.47
20240422,21915.7
20240423,21877.74
20240424,22215.44
20240425,22219.86
20240426,22649.9
20240429,22985.13
20240430,22858.12
20240506,23331.64
20240507,23340.81
20240508,22931.69
20240509,23325.74
20240510,23134.71
20240513,22962.17
20240514,23124.66
20240515,22788.37
20240516,22681.16
20240517,22890.35
20240520,23028.25
20240521,22800.59
20240522,22762.48
20240523,22234.09
20240524,21952.42
20240527,22226.65
20240528,21998.11
20240529,22007.03
20240530,21981.45
20240531,22039.21
20240603,21759.7
20240604,21966.56
20240605,21708.69
20240606,21306.38
20240607,21288.63
20240611,21609.2
20240612,21658.54
20240613,21685.53
20240614,21641.62
20240617,21783.57
20240618,21937.9
20240619,21582.16
20240620,21276.98
20240621,21318.02
20240624,20735.41
20240625,20518.55
20240626,21044.87
20240627,20585.61
20240628,20789.71
20240701,20893.57
20240702,20516.84
20240703,20259.07
20240704,19897.79
20240705,20158.82
20240708,19738.49
20240709,20229.08
20240710,20130.87
20240711,20560.43
20240712,20544.38
20240715,20337.33
20240716,20356.56
20240717,20128.73
20240718,20204.51
20240719,20271.75
20240722,20268.09
20240723,19530.61
20240724,19220.68
20240725,19178.95
20240726,19450.66
20240729,19275.53
20240730,19258.26
20240731,20126.48
20240801,20079.24
20240802,19709.79
20240805,19127.44
20240806,19427.18
20240807,19417.75
20240808,19399.22
20240809,19254.2
20240812,19171.36
20240813,19254.93
20240814,18963.32
20240815,19060.65
20240816,18933.19
20240819,18994.66
20240820,18639.54
20240821,18512.62
20240822,18338.83
20240823,18317.12
20240826,18339.35
20240827,18127.3
20240828,18195.25
20240829,18560.91
20240830,18895.73
20240902,18475.25
20240903,18662.18
20240904,18573.0
20240905,18677.75
20240906,18293.48
20240909,18157.46
20240910,18247.04
20240911,18330.83
20240912,18249.63
20240913,18026.36
20240918,18094.98
20240919,18316.27
20240920,18197.52
20240923,18141.42
20240924,18832.17
20240925,18962.17
20240926,19656.55
20240927,20670.15
20240930,23103.47
20241008,25439.86
20241009,23342.99
20241010,23031.63
20241011,22054.79
20241014,22880.43
20241015,22413.48
20241016,22386.45
20241017,22337.49
20241018,23471.23
20241021,23900.89
20241022,23924.01
20241023,23791.84
20241024,23675.67
20241025,24013.97
20241028,24239.06
20241029,23877.19
20241030,23716.32
20241031,23919.62
20241101,23287.88
20241104,23860.7
20241105,24627.5
20241106,24606.16
20241107,24971.04
20241108,25191.3
20241111,25961.48
20241112,25672.86
20241113,25579.67
20241114,24756.07
20241115,24156.23
20241118,23523.58
20241119,24223.41
20241120,24646.73
20241121,24707.68
20241122,23805.74
20241125,24011.64
20241126,23771.3
20241127,24343.85
20241128,24242.67
20241129,24629.92
20241202,25005.26
20241203,24895.54
20241204,24557.93
20241205,24715.07
20241206,24910.6
20241209,24824.88
20241210,25147.22
20241211,25613.95
20241212,25698.69
20241213,25303.67
20241216,24923.03
20241217,24493.24
20241218,24823.1
20241219,25026.15
20241220,25517.25
20241223,24859.27
20241224,25279.16
20241225,25044.45
20241226,25554.21
20241227,25391.82
20241230,25355.31
20241231,24590.76
20250102,23880.82
20250103,23315.15
20250106,23193.88
20250107,23684.84
20250108,23700.41
20250109,23693.86
20250110,23298.18
20250113,23296.58
20250114,24424.08
20250115,24304.05
20250116,24310.07
20250117,24646.03
20250120,24844.2
20250121,25284.24
20250122,25119.43
20250123,24982.36
20250124,25475.86
20250127,25066.99
20250205,24996.49
20250206,25810.03
20250207,26038.03
20250210,26181.22
20250211,26126.35
20250212,26430.36
20250213,25821.04
20250214,25984.18
20250217,26248.05
20250218,25739.54
20250219,26502.91
20250220,26787.25
20250221,27444.94
20250224,27379.1
20250225,27327.02
20250226,27702.85
20250227,27584.97
20250228,26395.0
20250303,26440.24
20250304,26899.61
20250305,27203.36
20250306,27719.46
20250307,27619.13
20250310,27643.03
20250311,27609.62
20250312,27721.73
20250313,27146.38
20250314,27573.93
20250317,27662.84
20250318,27836.73
20250319,27671.78
20250320,27508.08
20250321,26961.02
20250324,26882.34
20250325,26673.86
20250326,26727.34
20250327,26848.08
20250328,26656.84
20250331,26563.73
20250401,26738.1
20250402,26808.1
20250403,26234.39
20250407,23105.81
20250408,23284.98
20250409,23865.25
20250410,24515.07
20250411,25053.14
20250414,25356.85
20250415,25292.22
20250416,24993.97
20250417,25115.39
20250418,25073.66
20250421,25678.39
20250422,25634.37
20250423,25779.53
20250424,25570.86
20250425,25580.79
20250428,25366.1
20250429,25554.88
20250430,25755.5
20250506,26311.19
20250507,26273.97
20250508,26449.49
20250509,26096.73
20250512,26423.56
20250513,26293.33
20250514,26236.46
20250515,25848.63
20250516,25839.98
20250519,25927.64
20250520,26100.24
20250521,26015.3
20250522,25785.48
20250523,25455.81
20250526,25521.74
20250527,25352.32
20250528,25317.5
20250529,25796.13
20250530,25525.44
20250603,25759.52
20250604,26010.34
20250605,26256.32
20250606,26158.23
20250609,26325.73
20250610,26055.69
20250611,26161.27
20250612,26169.21
20250613,25786.62
20250616,25750.86
20250617,25608.81
20250618,25697.25
20250619,25469.43
20250620,25292.47
20250623,25428.14
20250624,25942.72
20250625,26284.12
20250626,26078.58
20250627,26166.22
20250630,26565.02
20250701,26636.66
20250702,26295.13
20250703,26509.0
20250704,26322.55
20250707,26381.33
20250708,26787.31
20250709,26638.75
20250710,26648.68
20250711,26789.2
20250714,26915.21
20250715,27048.36
20250716,27161.07
20250717,27427.65
20250718,27393.29
20250721,27634.66
20250722,27781.38
20250723,27792.6
20250724,27953.0
20250725,28100.52
20250728,28189.37
20250729,28375.73
20250730,28173.56
20250731,27985.93
20250801,28072.49
20250804,28421.22
20250805,28628.99
20250806,28986.41
20250807,28935.5
20250808,28912.08
20250811,29327.57
20250812,29491.65
20250813,30124.8
20250814,29703.16
20250815,30374.25
20250818,30795.7
20250819,30705.48
20250820,31103.33
20250821,30884.33
20250822,31343.87
20250825,31688.86
20250826,31631.46
20250827,31206.37
20250828,31855.37
20250829,31839.44
20250901,32000.38
20250902,30974.96
20250903,30732.41
20250904,29993.5
20250905,30929.87
20250908,31230.47
20250909,30678.74
20250910,30644.49
20250911,31530.48
20250912,31504.23
20250915,31429.71
20250916,31609.59
20250917,31992.71
20250918,31874.74
20250919,31676.85
20250922,31969.68
20250923,31910.58
20250924,32556.48
20250925,32564.94
20250926,32032.4
20250929,32376.17
20250930,32659.12
20251009,32871.19
20251010,32433.16
20251013,32163.59
20251014,31480.01
20251015,32085.63
20251016,31796.59
20251017,30711.36
20251020,30951.71
20251021,31556.33
20251022,31388.1
20251023,31410.19
20251024,32001.04
20251027,32457.15
20251028,32339.11
20251029,32781.92
20251030,32298.16
20251031,32115.08
20251103,32125.63
20251104,31684.35
20251105,31755.27
20251106,32218.53
20251107,31939.71
20251110,31869.55
20251111,31655.97
20251112,31403.86
20251113,31723.27
20251114,31296.07
20251117,31117.4
20251118,30870.41
20251119,30635.03
20251120,30469.99
20251121,29409.59
20251124,29963.33
20251125,30485.14
20251126,30518.61
20251127,30524.06
20251128,30898.8
20251201,31060.23
20251202,30750.0
20251203,30627.24
20251204,30764.53
20251205,31192.79
20251208,31545.26
20251209,31499.67
20251210,31659.82
20251211,31236.74
20251212,31699.3
20251215,31405.46
20251216,30928.79
20251217,31376.07
20251218,31406.55
20251219,31650.65
20251222,31974.69
20251223,32072.57
20251224,32567.55
20251225,32967.37
20251226,32842.53
20251229,32777.43
20251230,32722.27
20251231,32731.09
20260105,33534.49
20260106,33978.08
20260107,34158.91
20260108,34570.04
20260109,35447.9
20260112,36322.42
20260113,35497.96
20260114,35700.93
20260115,35762.13
20260116,35995.52
20260119,36222.3
20260120,35929.08
20260121,36390.7
20260122,36500.73
20260123,37126.66
20260126,36627.12
20260127,36898.7
20260128,37029.15
20260129,36664.73
20260130,36562.48
20260202,35175.04
20260203,36191.58
20260204,35848.49
20260205,35252.53
20260206,35007.02
20260209,35841.6
20260210,35889.84
20260211,35919.25
20260212,36304.7
20260213,35764.62
20260224,36077.79
20260225,36428.99
20260226,36782.68
20260227,36826.26
20260302,36455.2
20260303,34997.9
20260304,34674.53
20260305,35056.56
20260306,35491.0
20260309,35197.61
20260310,36019.14
20260311,35872.63
20260312,35488.91
20260313,34997.92
20260316,35069.52
20260317,34273.81
20260318,34653.32
20260319,33815.58
20260320,33384.62
20260323,31768.92
20260324,32585.98
20260325,33195.91
20260326,32694.93
20260327,33108.57
20260330,33216.53
20260331,32643.95
20260401,33361.17
20260402,32691.34
20260403,32449.0
20260407,32679.73
20260408,34296.3
20260409,34095.69
20260410,34512.41
20260413,34479.31
20260414,35022.85
20260415,34883.25
20260416,35406.92
20260417,35729.27
20260420,35903.51
20260421,35903.39
20260422,36490.86
20260423,35905.7
20260424,35528.94
20260427,35750.06
20260428,35210.74
20260429,35666.91
20260430,35964.15
20260506,36420.13
20260507,36945.91
20260508,37068.69
20260511,37748.31
20260512,37692.92
20260513,38449.46
20260514,37684.62
20260515,37605.48
20260518,37711.57
20260519,38194.24
20260520,38318.03
20260521,36998.6
20260522,37945.51
20260525,38323.77
20260526,37697.25
20260527,37070.65
20260528,37311.4
20260529,35931.71
20260601,35642.28
20260602,35770.82
20260603,36010.62
20260604,35894.93
20260605,35671.59
20260608,34680.5
20260609,35495.29
20260610,34932.62
20260611,34509.62
20260612,34789.06
20260615,36064.83
20260616,36502.23
20260617,36847.79
20260618,37116.59
20260622,37346.32
20260623,36893.25
20260624,37197.81
20260625,37257.83
20260626,36386.75
20260629,36515.54
20260630,37328.38
20260701,37777.08
20260702,36969.11
20260703,37254.24
20260706,36923.98
20260707,36045.56
20260708,35441.0
20260709,36151.04
20260710,35446.49
20260713,33879.08
20260714,34303.29
20260715,33996.34
20260716,33058.8
20260717,31146.25
20260720,30467.29
20260721,31808.83
20260722,31335.9
20260723,31432.73
20260724,30639.14
20260727,31476.82
20260728,30682.07
20260729,31177.66
20260730,30516.74
20260731,31145.59
20260803,31022.69
20260804,31737.54
20260805,32605.41
20260806,32708.54
20260807,33272.74
20260810,33526.34
20260811,33367.26
20260812,33694.38
20260813,33326.52
20260814,33500.36
20260817,34559.05
20260818,34651.74
20260819,32838.73
20260820,33267.92
20260821,33305.55
20260824,32837.4
20260825,32893.85
20260826,32916.74
20260827,33752.09
20260828,33516.53
20260831,33773.42
20260901,33466.19
20260902,33186.87
20260903,33276.91
20260904,32861.12
20260907,33382.37
20260908,33322.08
20260909,33257.41
20260910,32851.57
20260911,32161.85
20260914,32366.93
20260915,32332.15
20260916,32911.78
