净值日期,累计净值
2008-10-22,1.0
2008-10-24,1.0
2008-10-27,1.0
2008-10-28,1.0
2008-10-29,1.0
2008-10-30,1.001
2008-10-31,1.001
2008-11-03,1.001
2008-11-04,1.001
2008-11-05,1.002
2008-11-06,1.005
2008-11-07,1.006
2008-11-10,1.008
2008-11-11,1.01
2008-11-12,1.013
2008-11-13,1.018
2008-11-14,1.014
2008-11-17,1.012
2008-11-18,1.013
2008-11-19,1.009
2008-11-20,1.01
2008-11-21,1.012
2008-11-24,1.012
2008-11-25,1.01
2008-11-26,1.013
2008-11-27,1.021
2008-11-28,1.018
2008-12-01,1.018
2008-12-02,1.021
2008-12-03,1.024
2008-12-04,1.027
2008-12-05,1.029
2008-12-08,1.03
2008-12-09,1.025
2008-12-10,1.027
2008-12-11,1.028
2008-12-12,1.03
2008-12-15,1.032
2008-12-16,1.033
2008-12-17,1.038
2008-12-18,1.042
2008-12-19,1.044
2008-12-22,1.044
2008-12-23,1.045
2008-12-24,1.044
2008-12-25,1.043
2008-12-26,1.042
2008-12-29,1.043
2008-12-30,1.042
2008-12-31,1.043
2009-01-05,1.046
2009-01-06,1.047
2009-01-07,1.049
2009-01-08,1.05
2009-01-09,1.051
2009-01-12,1.05
2009-01-13,1.048
2009-01-14,1.045
2009-01-15,1.04
2009-01-16,1.036
2009-01-19,1.034
2009-01-20,1.029
2009-01-21,1.027
2009-01-22,1.032
2009-01-23,1.033
2009-02-02,1.032
2009-02-03,1.028
2009-02-04,1.023
2009-02-05,1.019
2009-02-06,1.022
2009-02-09,1.024
2009-02-10,1.023
2009-02-11,1.023
2009-02-12,1.026
2009-02-13,1.027
2009-02-16,1.027
2009-02-17,1.025
2009-02-18,1.025
2009-02-19,1.027
2009-02-20,1.027
2009-02-23,1.028
2009-02-24,1.029
2009-02-25,1.03
2009-02-26,1.03
2009-02-27,1.03
2009-03-02,1.03
2009-03-03,1.03
2009-03-04,1.03
2009-03-05,1.03
2009-03-06,1.031
2009-03-09,1.031
2009-03-10,1.031
2009-03-11,1.032
2009-03-12,1.033
2009-03-13,1.032
2009-03-16,1.032
2009-03-17,1.033
2009-03-18,1.033
2009-03-19,1.035
2009-03-20,1.036
2009-03-23,1.037
2009-03-24,1.037
2009-03-25,1.036
2009-03-26,1.037
2009-03-27,1.035
2009-03-30,1.035
2009-03-31,1.034
2009-04-01,1.035
2009-04-02,1.036
2009-04-03,1.035
2009-04-07,1.033
2009-04-08,1.03
2009-04-09,1.03
2009-04-10,1.03
2009-04-13,1.03
2009-04-14,1.03
2009-04-15,1.031
2009-04-16,1.031
2009-04-17,1.033
2009-04-20,1.033
2009-04-21,1.033
2009-04-22,1.031
2009-04-23,1.031
2009-04-24,1.03
2009-04-27,1.028
2009-04-28,1.028
2009-04-29,1.031
2009-04-30,1.032
2009-05-04,1.035
2009-05-05,1.035
2009-05-06,1.035
2009-05-07,1.036
2009-05-08,1.036
2009-05-11,1.035
2009-05-12,1.035
2009-05-13,1.04
2009-05-14,1.039
2009-05-15,1.04
2009-05-18,1.04
2009-05-19,1.043
2009-05-20,1.043
2009-05-21,1.041
2009-05-22,1.04
2009-05-25,1.039
2009-05-26,1.039
2009-05-27,1.039
2009-06-01,1.041
2009-06-02,1.042
2009-06-03,1.043
2009-06-04,1.043
2009-06-05,1.046
2009-06-08,1.046
2009-06-09,1.044
2009-06-10,1.047
2009-06-11,1.045
2009-06-12,1.043
2009-06-15,1.042
2009-06-16,1.041
2009-06-17,1.042
2009-06-18,1.042
2009-06-19,1.042
2009-06-22,1.041
2009-06-23,1.04
2009-06-24,1.044
2009-06-25,1.044
2009-06-26,1.045
2009-06-29,1.046
2009-06-30,1.045
2009-07-01,1.048
2009-07-02,1.052
2009-07-03,1.053
2009-07-06,1.058
2009-07-07,1.06
2009-07-08,1.06
2009-07-09,1.064
2009-07-10,1.072
2009-07-13,1.073
2009-07-14,1.077
2009-07-15,1.08
2009-07-16,1.086
2009-07-17,1.091
2009-07-20,1.101
2009-07-21,1.096
2009-07-22,1.097
2009-07-23,1.099
2009-07-24,1.101
2009-07-27,1.117
2009-07-28,1.12
2009-07-29,1.119
2009-07-30,1.115
2009-07-31,1.123
2009-08-03,1.13
2009-08-04,1.141
2009-08-05,1.137
2009-08-06,1.128
2009-08-07,1.108
2009-08-10,1.105
2009-08-11,1.107
2009-08-12,1.085
2009-08-13,1.087
2009-08-14,1.077
2009-08-17,1.055
2009-08-18,1.06
2009-08-19,1.049
2009-08-20,1.059
2009-08-21,1.063
2009-08-24,1.066
2009-08-25,1.061
2009-08-26,1.066
2009-08-27,1.067
2009-08-28,1.06
2009-08-31,1.043
2009-09-01,1.039
2009-09-02,1.042
2009-09-03,1.052
2009-09-04,1.053
2009-09-07,1.055
2009-09-08,1.058
2009-09-09,1.062
2009-09-10,1.062
2009-09-11,1.064
2009-09-14,1.072
2009-09-15,1.073
2009-09-16,1.07
2009-09-17,1.074
2009-09-18,1.068
2009-09-21,1.07
2009-09-22,1.067
2009-09-23,1.066
2009-09-24,1.062
2009-09-25,1.062
2009-09-28,1.055
2009-09-29,1.051
2009-09-30,1.055
2009-10-09,1.062
2009-10-12,1.059
2009-10-13,1.06
2009-10-14,1.066
2009-10-15,1.066
2009-10-16,1.065
2009-10-19,1.069
2009-10-20,1.073
2009-10-21,1.081
2009-10-22,1.082
2009-10-23,1.087
2009-10-26,1.086
2009-10-27,1.08
2009-10-28,1.081
2009-10-29,1.074
2009-10-30,1.083
2009-11-02,1.087
2009-11-03,1.103
2009-11-04,1.102
2009-11-05,1.104
2009-11-06,1.104
2009-11-09,1.107
2009-11-10,1.106
2009-11-11,1.112
2009-11-12,1.115
2009-11-13,1.108
2009-11-16,1.111
2009-11-17,1.108
2009-11-18,1.11
2009-11-19,1.112
2009-11-20,1.114
2009-11-23,1.117
2009-11-24,1.105
2009-11-25,1.111
2009-11-26,1.099
2009-11-27,1.096
2009-11-30,1.107
2009-12-01,1.115
2009-12-02,1.118
2009-12-03,1.124
2009-12-04,1.121
2009-12-07,1.13
2009-12-08,1.129
2009-12-09,1.125
2009-12-10,1.127
2009-12-11,1.128
2009-12-14,1.126
2009-12-15,1.124
2009-12-16,1.123
2009-12-17,1.116
2009-12-18,1.113
2009-12-21,1.114
2009-12-22,1.108
2009-12-23,1.11
2009-12-24,1.117
2009-12-25,1.118
2009-12-28,1.12
2009-12-29,1.124
2009-12-30,1.125
2009-12-31,1.13
2010-01-04,1.126
2010-01-05,1.129
2010-01-06,1.128
2010-01-07,1.125
2010-01-08,1.127
2010-01-11,1.129
2010-01-12,1.137
2010-01-13,1.133
2010-01-14,1.141
2010-01-15,1.141
2010-01-18,1.143
2010-01-19,1.145
2010-01-20,1.137
2010-01-21,1.137
2010-01-22,1.131
2010-01-25,1.121
2010-01-26,1.115
2010-01-27,1.115
2010-01-28,1.119
2010-01-29,1.118
2010-02-01,1.114
2010-02-02,1.113
2010-02-03,1.114
2010-02-04,1.112
2010-02-05,1.11
2010-02-08,1.109
2010-02-09,1.109
2010-02-10,1.113
2010-02-11,1.114
2010-02-12,1.118
2010-02-22,1.116
2010-02-23,1.114
2010-02-24,1.118
2010-02-25,1.122
2010-02-26,1.123
2010-03-01,1.127
2010-03-02,1.127
2010-03-03,1.129
2010-03-04,1.123
2010-03-05,1.125
2010-03-08,1.127
2010-03-09,1.127
2010-03-10,1.126
2010-03-11,1.127
2010-03-12,1.124
2010-03-15,1.122
2010-03-16,1.122
2010-03-17,1.126
2010-03-18,1.127
2010-03-19,1.133
2010-03-22,1.135
2010-03-23,1.135
2010-03-24,1.138
2010-03-25,1.135
2010-03-26,1.136
2010-03-29,1.152
2010-03-30,1.154
2010-03-31,1.16
2010-04-01,1.166
2010-04-02,1.167
2010-04-06,1.172
2010-04-07,1.174
2010-04-08,1.173
2010-04-09,1.18
2010-04-12,1.178
2010-04-13,1.177
2010-04-14,1.176
2010-04-15,1.172
2010-04-16,1.17
2010-04-19,1.16
2010-04-20,1.16
2010-04-21,1.167
2010-04-22,1.167
2010-04-23,1.166
2010-04-26,1.165
2010-04-27,1.157
2010-04-28,1.154
2010-04-29,1.151
2010-04-30,1.151
2010-05-04,1.15
2010-05-05,1.156
2010-05-06,1.145
2010-05-07,1.137
2010-05-10,1.135
2010-05-11,1.131
2010-05-12,1.127
2010-05-13,1.135
2010-05-14,1.135
2010-05-17,1.122
2010-05-18,1.125
2010-05-19,1.129
2010-05-20,1.126
2010-05-21,1.131
2010-05-24,1.141
2010-05-25,1.138
2010-05-26,1.137
2010-05-27,1.143
2010-05-28,1.143
2010-05-31,1.133
2010-06-01,1.128
2010-06-02,1.131
2010-06-03,1.132
2010-06-04,1.135
2010-06-07,1.136
2010-06-08,1.138
2010-06-09,1.143
2010-06-10,1.146
2010-06-11,1.147
2010-06-17,1.142
2010-06-18,1.132
2010-06-21,1.138
2010-06-22,1.137
2010-06-23,1.135
2010-06-24,1.134
2010-06-25,1.128
2010-06-28,1.125
2010-06-29,1.115
2010-06-30,1.112
2010-07-01,1.107
2010-07-02,1.106
2010-07-05,1.106
2010-07-06,1.111
2010-07-07,1.114
2010-07-08,1.114
2010-07-09,1.122
2010-07-12,1.124
2010-07-13,1.121
2010-07-14,1.123
2010-07-15,1.117
2010-07-16,1.118
2010-07-19,1.127
2010-07-20,1.137
2010-07-21,1.137
2010-07-22,1.141
2010-07-23,1.142
2010-07-26,1.145
2010-07-27,1.145
2010-07-28,1.15
2010-07-29,1.152
2010-07-30,1.151
2010-08-02,1.154
2010-08-03,1.151
2010-08-04,1.153
2010-08-05,1.154
2010-08-06,1.157
2010-08-09,1.161
2010-08-10,1.156
2010-08-11,1.157
2010-08-12,1.156
2010-08-13,1.162
2010-08-16,1.181
2010-08-17,1.183
2010-08-18,1.183
2010-08-19,1.183
2010-08-20,1.183
2010-08-23,1.184
2010-08-24,1.186
2010-08-25,1.181
2010-08-26,1.183
2010-08-27,1.186
2010-08-30,1.191
2010-08-31,1.193
2010-09-01,1.189
2010-09-02,1.194
2010-09-03,1.194
2010-09-06,1.194
2010-09-07,1.194
2010-09-08,1.194
2010-09-09,1.192
2010-09-10,1.192
2010-09-13,1.194
2010-09-14,1.193
2010-09-15,1.189
2010-09-16,1.185
2010-09-17,1.183
2010-09-20,1.181
2010-09-21,1.182
2010-09-27,1.183
2010-09-28,1.182
2010-09-29,1.182
2010-09-30,1.187
2010-10-08,1.197
2010-10-11,1.207
2010-10-12,1.21
2010-10-13,1.211
2010-10-14,1.217
2010-10-15,1.225
2010-10-18,1.227
2010-10-19,1.232
2010-10-20,1.225
2010-10-21,1.213
2010-10-22,1.218
2010-10-25,1.227
2010-10-26,1.228
2010-10-27,1.226
2010-10-28,1.226
2010-10-29,1.226
2010-11-01,1.239
2010-11-02,1.238
2010-11-03,1.232
2010-11-04,1.233
2010-11-05,1.239
2010-11-08,1.242
2010-11-09,1.24
2010-11-10,1.239
2010-11-11,1.242
2010-11-12,1.22
2010-11-15,1.225
2010-11-16,1.211
2010-11-17,1.201
2010-11-18,1.205
2010-11-19,1.21
2010-11-22,1.206
2010-11-23,1.199
2010-11-24,1.206
2010-11-25,1.215
2010-11-26,1.216
2010-11-29,1.215
2010-11-30,1.205
2010-12-01,1.209
2010-12-02,1.213
2010-12-03,1.211
2010-12-06,1.21
2010-12-07,1.214
2010-12-08,1.217
2010-12-09,1.213
2010-12-10,1.218
2010-12-13,1.229
2010-12-14,1.231
2010-12-15,1.227
2010-12-16,1.228
2010-12-17,1.228
2010-12-20,1.226
2010-12-21,1.226
2010-12-22,1.223
2010-12-23,1.215
2010-12-24,1.208
2010-12-27,1.199
2010-12-28,1.195
2010-12-29,1.213
2010-12-30,1.217
2010-12-31,1.23
2011-01-04,1.235
2011-01-05,1.23
2011-01-06,1.222
2011-01-07,1.223
2011-01-10,1.22
2011-01-11,1.216
2011-01-12,1.214
2011-01-13,1.214
2011-01-14,1.205
2011-01-17,1.196
2011-01-18,1.196
2011-01-19,1.199
2011-01-20,1.189
2011-01-21,1.188
2011-01-24,1.179
2011-01-25,1.181
2011-01-26,1.185
2011-01-27,1.188
2011-01-28,1.19
2011-01-31,1.192
2011-02-01,1.194
2011-02-09,1.191
2011-02-10,1.195
2011-02-11,1.199
2011-02-14,1.206
2011-02-15,1.203
2011-02-16,1.203
2011-02-17,1.206
2011-02-18,1.203
2011-02-21,1.204
2011-02-22,1.198
2011-02-23,1.199
2011-02-24,1.2
2011-02-25,1.196
2011-02-28,1.195
2011-03-01,1.193
2011-03-02,1.198
2011-03-03,1.198
2011-03-04,1.2
2011-03-07,1.205
2011-03-08,1.204
2011-03-09,1.207
2011-03-10,1.203
2011-03-11,1.202
2011-03-14,1.201
2011-03-15,1.196
2011-03-16,1.199
2011-03-17,1.194
2011-03-18,1.197
2011-03-21,1.194
2011-03-22,1.193
2011-03-23,1.196
2011-03-24,1.197
2011-03-25,1.2
2011-03-28,1.198
2011-03-29,1.193
2011-03-30,1.188
2011-03-31,1.186
2011-04-01,1.189
2011-04-06,1.192
2011-04-07,1.193
2011-04-08,1.204
2011-04-11,1.207
2011-04-12,1.21
2011-04-13,1.214
2011-04-14,1.216
2011-04-15,1.214
2011-04-18,1.217
2011-04-19,1.215
2011-04-20,1.215
2011-04-21,1.217
2011-04-22,1.217
2011-04-25,1.21
2011-04-26,1.209
2011-04-27,1.205
2011-04-28,1.2
2011-04-29,1.203
2011-05-03,1.205
2011-05-04,1.201
2011-05-05,1.201
2011-05-06,1.202
2011-05-09,1.204
2011-05-10,1.205
2011-05-11,1.207
2011-05-12,1.207
2011-05-13,1.207
2011-05-16,1.206
2011-05-17,1.204
2011-05-18,1.206
2011-05-19,1.205
2011-05-20,1.206
2011-05-23,1.199
2011-05-24,1.201
2011-05-25,1.198
2011-05-26,1.197
2011-05-27,1.2
2011-05-30,1.193
2011-05-31,1.196
2011-06-01,1.203
2011-06-02,1.202
2011-06-03,1.202
2011-06-07,1.2
2011-06-08,1.202
2011-06-09,1.192
2011-06-10,1.191
2011-06-13,1.19
2011-06-14,1.19
2011-06-15,1.186
2011-06-16,1.181
2011-06-17,1.176
2011-06-20,1.176
2011-06-21,1.182
2011-06-22,1.179
2011-06-23,1.18
2011-06-24,1.186
2011-06-27,1.186
2011-06-28,1.187
2011-06-29,1.185
2011-06-30,1.187
2011-07-01,1.189
2011-07-04,1.191
2011-07-05,1.191
2011-07-06,1.191
2011-07-07,1.191
2011-07-08,1.191
2011-07-11,1.192
2011-07-12,1.19
2011-07-13,1.192
2011-07-14,1.194
2011-07-15,1.193
2011-07-18,1.193
2011-07-19,1.187
2011-07-20,1.184
2011-07-21,1.178
2011-07-22,1.177
2011-07-25,1.17
2011-07-26,1.171
2011-07-27,1.175
2011-07-28,1.174
2011-07-29,1.171
2011-08-01,1.17
2011-08-02,1.169
2011-08-03,1.168
2011-08-04,1.169
2011-08-05,1.168
2011-08-08,1.164
2011-08-09,1.165
2011-08-10,1.169
2011-08-11,1.18
2011-08-12,1.181
2011-08-15,1.184
2011-08-16,1.181
2011-08-17,1.182
2011-08-18,1.175
2011-08-19,1.173
2011-08-22,1.173
2011-08-23,1.177
2011-08-24,1.18
2011-08-25,1.182
2011-08-26,1.182
2011-08-29,1.167
2011-08-30,1.161
2011-08-31,1.161
2011-09-01,1.158
2011-09-02,1.142
2011-09-05,1.127
2011-09-06,1.129
2011-09-07,1.139
2011-09-08,1.138
2011-09-09,1.14
2011-09-13,1.136
2011-09-14,1.137
2011-09-15,1.135
2011-09-16,1.137
2011-09-19,1.131
2011-09-20,1.131
2011-09-21,1.134
2011-09-22,1.125
2011-09-23,1.127
2011-09-26,1.123
2011-09-27,1.121
2011-09-28,1.115
2011-09-29,1.109
2011-09-30,1.117
2011-10-10,1.123
2011-10-11,1.123
2011-10-12,1.13
2011-10-13,1.133
2011-10-14,1.134
2011-10-17,1.138
2011-10-18,1.138
2011-10-19,1.138
2011-10-20,1.136
2011-10-21,1.141
2011-10-24,1.147
2011-10-25,1.151
2011-10-26,1.154
2011-10-27,1.154
2011-10-28,1.159
2011-10-31,1.163
2011-11-01,1.167
2011-11-02,1.174
2011-11-03,1.172
2011-11-04,1.175
2011-11-07,1.175
2011-11-08,1.178
2011-11-09,1.181
2011-11-10,1.188
2011-11-11,1.187
2011-11-14,1.19
2011-11-15,1.19
2011-11-16,1.188
2011-11-17,1.186
2011-11-18,1.182
2011-11-21,1.181
2011-11-22,1.18
2011-11-23,1.181
2011-11-24,1.181
2011-11-25,1.18
2011-11-28,1.176
2011-11-29,1.175
2011-11-30,1.177
2011-12-01,1.183
2011-12-02,1.178
2011-12-05,1.177
2011-12-06,1.177
2011-12-07,1.182
2011-12-08,1.184
2011-12-09,1.184
2011-12-12,1.189
2011-12-13,1.188
2011-12-14,1.188
2011-12-15,1.186
2011-12-16,1.192
2011-12-19,1.195
2011-12-20,1.192
2011-12-21,1.191
2011-12-22,1.188
2011-12-23,1.187
2011-12-26,1.186
2011-12-27,1.183
2011-12-28,1.19
2011-12-29,1.19
2011-12-30,1.194
2011-12-31,1.195
2012-01-04,1.192
2012-01-05,1.19
2012-01-06,1.193
2012-01-09,1.197
2012-01-10,1.201
2012-01-11,1.2
2012-01-12,1.199
2012-01-13,1.196
2012-01-16,1.194
2012-01-17,1.199
2012-01-18,1.198
2012-01-19,1.2
2012-01-20,1.202
2012-01-30,1.203
2012-01-31,1.205
2012-02-01,1.202
2012-02-02,1.205
2012-02-03,1.206
2012-02-06,1.205
2012-02-07,1.202
2012-02-08,1.204
2012-02-09,1.203
2012-02-10,1.206
2012-02-13,1.207
2012-02-14,1.207
2012-02-15,1.207
2012-02-16,1.205
2012-02-17,1.205
2012-02-20,1.206
2012-02-21,1.207
2012-02-22,1.213
2012-02-23,1.215
2012-02-24,1.218
2012-02-27,1.221
2012-02-28,1.222
2012-02-29,1.222
2012-03-01,1.222
2012-03-02,1.225
2012-03-05,1.224
2012-03-06,1.225
2012-03-07,1.225
2012-03-08,1.226
2012-03-09,1.226
2012-03-12,1.226
2012-03-13,1.226
2012-03-14,1.226
2012-03-15,1.227
2012-03-16,1.228
2012-03-19,1.227
2012-03-20,1.228
2012-03-21,1.227
2012-03-22,1.226
2012-03-23,1.226
2012-03-26,1.227
2012-03-27,1.227
2012-03-28,1.227
2012-03-29,1.228
2012-03-30,1.228
2012-03-31,1.229
2012-04-05,1.229
2012-04-06,1.229
2012-04-09,1.229
2012-04-10,1.229
2012-04-11,1.23
2012-04-12,1.23
2012-04-13,1.23
2012-04-16,1.23
2012-04-17,1.231
2012-04-18,1.233
2012-04-19,1.235
2012-04-20,1.236
2012-04-23,1.237
2012-04-24,1.239
2012-04-25,1.239
2012-04-26,1.241
2012-04-27,1.241
2012-05-02,1.243
2012-05-03,1.247
2012-05-04,1.247
2012-05-07,1.249
2012-05-08,1.248
2012-05-09,1.248
2012-05-10,1.249
2012-05-11,1.251
2012-05-14,1.256
2012-05-15,1.258
2012-05-16,1.259
2012-05-17,1.259
2012-05-18,1.26
2012-05-21,1.261
2012-05-22,1.263
2012-05-23,1.264
2012-05-24,1.265
2012-05-25,1.266
2012-05-28,1.268
2012-05-29,1.269
2012-05-30,1.274
2012-05-31,1.273
2012-06-01,1.275
2012-06-04,1.278
2012-06-05,1.279
2012-06-06,1.278
2012-06-07,1.28
2012-06-08,1.283
2012-06-11,1.283
2012-06-12,1.284
2012-06-13,1.283
2012-06-14,1.282
2012-06-15,1.283
2012-06-18,1.283
2012-06-19,1.28
2012-06-20,1.28
2012-06-21,1.279
2012-06-25,1.279
2012-06-26,1.279
2012-06-27,1.28
2012-06-28,1.279
2012-06-29,1.282
2012-06-30,1.282
2012-07-02,1.283
2012-07-03,1.282
2012-07-04,1.285
2012-07-05,1.284
2012-07-06,1.287
2012-07-09,1.287
2012-07-10,1.287
2012-07-11,1.286
2012-07-12,1.286
2012-07-13,1.284
2012-07-16,1.283
2012-07-17,1.281
2012-07-18,1.28
2012-07-19,1.281
2012-07-20,1.28
2012-07-23,1.279
2012-07-24,1.28
2012-07-25,1.28
2012-07-26,1.278
2012-07-27,1.279
2012-07-30,1.277
2012-07-31,1.275
2012-08-01,1.275
2012-08-02,1.275
2012-08-03,1.275
2012-08-06,1.272
2012-08-07,1.273
2012-08-08,1.273
2012-08-09,1.273
2012-08-10,1.274
2012-08-13,1.273
2012-08-14,1.273
2012-08-15,1.273
2012-08-16,1.273
2012-08-17,1.273
2012-08-20,1.271
2012-08-21,1.272
2012-08-22,1.271
2012-08-23,1.272
2012-08-24,1.272
2012-08-27,1.271
2012-08-28,1.269
2012-08-29,1.267
2012-08-30,1.266
2012-08-31,1.267
2012-09-03,1.264
2012-09-04,1.264
2012-09-05,1.264
2012-09-06,1.264
2012-09-07,1.263
2012-09-10,1.26
2012-09-11,1.258
2012-09-12,1.256
2012-09-13,1.254
2012-09-14,1.252
2012-09-17,1.249
2012-09-18,1.25
2012-09-19,1.252
2012-09-20,1.253
2012-09-21,1.253
2012-09-24,1.252
2012-09-25,1.253
2012-09-26,1.255
2012-09-27,1.257
2012-09-28,1.258
2012-09-30,1.258
2012-10-08,1.258
2012-10-09,1.257
2012-10-10,1.258
2012-10-11,1.259
2012-10-12,1.262
2012-10-15,1.262
2012-10-16,1.261
2012-10-17,1.261
2012-10-18,1.262
2012-10-19,1.261
2012-10-22,1.261
2012-10-23,1.262
2012-10-24,1.262
2012-10-25,1.262
2012-10-26,1.262
2012-10-29,1.261
2012-10-30,1.261
2012-10-31,1.26
2012-11-01,1.261
2012-11-02,1.26
2012-11-05,1.26
2012-11-06,1.261
2012-11-07,1.262
2012-11-08,1.262
2012-11-09,1.262
2012-11-12,1.262
2012-11-13,1.262
2012-11-14,1.263
2012-11-15,1.262
2012-11-16,1.263
2012-11-19,1.263
2012-11-20,1.264
2012-11-21,1.265
2012-11-22,1.264
2012-11-23,1.263
2012-11-26,1.264
2012-11-27,1.264
2012-11-28,1.263
2012-11-29,1.262
2012-11-30,1.263
2012-12-03,1.262
2012-12-04,1.261
2012-12-05,1.263
2012-12-06,1.263
2012-12-07,1.267
2012-12-10,1.271
2012-12-11,1.271
2012-12-12,1.27
2012-12-13,1.27
2012-12-14,1.273
2012-12-17,1.274
2012-12-18,1.273
2012-12-19,1.272
2012-12-20,1.271
2012-12-21,1.273
2012-12-24,1.273
2012-12-25,1.276
2012-12-26,1.277
2012-12-27,1.275
2012-12-28,1.277
2012-12-31,1.281
2013-01-04,1.28
2013-01-07,1.281
2013-01-08,1.279
2013-01-09,1.28
2013-01-10,1.282
2013-01-11,1.28
2013-01-14,1.284
2013-01-15,1.289
2013-01-16,1.291
2013-01-17,1.289
2013-01-18,1.292
2013-01-21,1.295
2013-01-22,1.294
2013-01-23,1.292
2013-01-24,1.291
2013-01-25,1.29
2013-01-28,1.293
2013-01-29,1.295
2013-01-30,1.297
2013-01-31,1.31
2013-02-01,1.313
2013-02-04,1.314
2013-02-05,1.315
2013-02-06,1.317
2013-02-07,1.318
2013-02-08,1.318
2013-02-18,1.319
2013-02-19,1.319
2013-02-20,1.323
2013-02-21,1.319
2013-02-22,1.319
2013-02-25,1.319
2013-02-26,1.317
2013-02-27,1.317
2013-02-28,1.319
2013-03-01,1.319
2013-03-04,1.316
2013-03-05,1.317
2013-03-06,1.318
2013-03-07,1.318
2013-03-08,1.318
2013-03-11,1.319
2013-03-12,1.319
2013-03-13,1.318
2013-03-14,1.32
2013-03-15,1.321
2013-03-18,1.32
2013-03-19,1.32
2013-03-20,1.321
2013-03-21,1.321
2013-03-22,1.323
2013-03-25,1.323
2013-03-26,1.322
2013-03-27,1.323
2013-03-28,1.323
2013-03-29,1.325
2013-04-01,1.324
2013-04-02,1.324
2013-04-03,1.325
2013-04-08,1.325
2013-04-09,1.328
2013-04-10,1.329
2013-04-11,1.329
2013-04-12,1.33
2013-04-15,1.326
2013-04-16,1.326
2013-04-17,1.329
2013-04-18,1.329
2013-04-19,1.33
2013-04-22,1.327
2013-04-23,1.326
2013-04-24,1.327
2013-04-25,1.328
2013-04-26,1.328
2013-05-02,1.328
2013-05-03,1.331
2013-05-06,1.333
2013-05-07,1.334
2013-05-08,1.334
2013-05-09,1.334
2013-05-10,1.333
2013-05-13,1.335
2013-05-14,1.335
2013-05-15,1.338
2013-05-16,1.339
2013-05-17,1.338
2013-05-20,1.339
2013-05-21,1.339
2013-05-22,1.341
2013-05-23,1.342
2013-05-24,1.343
2013-05-27,1.344
2013-05-28,1.345
2013-05-29,1.346
2013-05-30,1.346
2013-05-31,1.346
2013-06-03,1.346
2013-06-04,1.346
2013-06-05,1.345
2013-06-06,1.344
2013-06-07,1.344
2013-06-13,1.343
2013-06-14,1.342
2013-06-17,1.342
2013-06-18,1.343
2013-06-19,1.341
2013-06-20,1.333
2013-06-21,1.333
2013-06-24,1.328
2013-06-25,1.33
2013-06-26,1.333
2013-06-27,1.335
2013-06-28,1.337
2013-06-30,1.337
2013-07-01,1.337
2013-07-02,1.341
2013-07-03,1.339
2013-07-04,1.341
2013-07-05,1.342
2013-07-08,1.339
2013-07-09,1.338
2013-07-10,1.34
2013-07-11,1.34
2013-07-12,1.336
2013-07-15,1.338
2013-07-16,1.337
2013-07-17,1.337
2013-07-18,1.334
2013-07-19,1.331
2013-07-22,1.33
2013-07-23,1.33
2013-07-24,1.331
2013-07-25,1.33
2013-07-26,1.331
2013-07-29,1.331
2013-07-30,1.328
2013-07-31,1.329
2013-08-01,1.33
2013-08-02,1.331
2013-08-05,1.332
2013-08-06,1.332
2013-08-07,1.331
2013-08-08,1.33
2013-08-09,1.33
2013-08-12,1.331
2013-08-13,1.331
2013-08-14,1.33
2013-08-15,1.33
2013-08-16,1.33
2013-08-19,1.328
2013-08-20,1.327
2013-08-21,1.327
2013-08-22,1.327
2013-08-23,1.327
2013-08-26,1.327
2013-08-27,1.325
2013-08-28,1.325
2013-08-29,1.326
2013-08-30,1.327
2013-09-02,1.327
2013-09-03,1.328
2013-09-04,1.328
2013-09-05,1.328
2013-09-06,1.328
2013-09-09,1.331
2013-09-10,1.333
2013-09-11,1.329
2013-09-12,1.329
2013-09-13,1.327
2013-09-16,1.329
2013-09-17,1.328
2013-09-18,1.329
2013-09-23,1.331
2013-09-24,1.334
2013-09-25,1.335
2013-09-26,1.335
2013-09-27,1.337
2013-09-30,1.339
2013-10-08,1.34
2013-10-09,1.337
2013-10-10,1.337
2013-10-11,1.335
2013-10-14,1.335
2013-10-15,1.335
2013-10-16,1.334
2013-10-17,1.333
2013-10-18,1.333
2013-10-21,1.332
2013-10-22,1.33
2013-10-23,1.33
2013-10-24,1.327
2013-10-25,1.322
2013-10-28,1.322
2013-10-29,1.322
2013-10-30,1.322
2013-10-31,1.324
2013-11-01,1.325
2013-11-04,1.325
2013-11-05,1.322
2013-11-06,1.32
2013-11-07,1.32
2013-11-08,1.318
2013-11-11,1.315
2013-11-12,1.315
2013-11-13,1.313
2013-11-14,1.31
2013-11-15,1.306
2013-11-18,1.306
2013-11-19,1.305
2013-11-20,1.304
2013-11-21,1.303
2013-11-22,1.302
2013-11-25,1.297
2013-11-26,1.297
2013-11-27,1.291
2013-11-28,1.296
2013-11-29,1.296
2013-12-02,1.296
2013-12-03,1.297
2013-12-04,1.297
2013-12-05,1.295
2013-12-06,1.294
2013-12-09,1.292
2013-12-10,1.292
2013-12-11,1.291
2013-12-12,1.285
2013-12-13,1.286
2013-12-16,1.282
2013-12-17,1.281
2013-12-18,1.28
2013-12-19,1.279
2013-12-20,1.278
2013-12-23,1.277
2013-12-24,1.277
2013-12-25,1.277
2013-12-26,1.278
2013-12-27,1.278
2013-12-30,1.276
2013-12-31,1.278
2014-01-02,1.268
2014-01-03,1.258
2014-01-06,1.27
2014-01-07,1.274
2014-01-08,1.271
2014-01-09,1.271
2014-01-10,1.269
2014-01-13,1.265
2014-01-14,1.264
2014-01-15,1.264
2014-01-16,1.265
2014-01-17,1.259
2014-01-20,1.258
2014-01-21,1.26
2014-01-22,1.261
2014-01-23,1.261
2014-01-24,1.263
2014-01-27,1.266
2014-01-28,1.266
2014-01-29,1.268
2014-01-30,1.254
2014-02-07,1.268
2014-02-10,1.276
2014-02-11,1.276
2014-02-12,1.277
2014-02-13,1.281
2014-02-14,1.285
2014-02-17,1.286
2014-02-18,1.287
2014-02-19,1.29
2014-02-20,1.292
2014-02-21,1.295
2014-02-24,1.295
2014-02-25,1.299
2014-02-26,1.302
2014-02-27,1.305
2014-02-28,1.301
2014-03-03,1.303
2014-03-04,1.301
2014-03-05,1.298
2014-03-06,1.297
2014-03-07,1.296
2014-03-10,1.297
2014-03-11,1.297
2014-03-12,1.299
2014-03-13,1.3
2014-03-14,1.3
2014-03-17,1.301
2014-03-18,1.302
2014-03-19,1.301
2014-03-20,1.301
2014-03-21,1.302
2014-03-24,1.302
2014-03-25,1.302
2014-03-26,1.302
2014-03-27,1.302
2014-03-28,1.305
2014-03-31,1.306
2014-04-01,1.306
2014-04-02,1.306
2014-04-03,1.306
2014-04-04,1.307
2014-04-08,1.308
2014-04-09,1.308
2014-04-10,1.31
2014-04-11,1.311
2014-04-14,1.312
2014-04-15,1.313
2014-04-16,1.315
2014-04-17,1.318
2014-04-18,1.319
2014-04-21,1.32
2014-04-22,1.321
2014-04-23,1.321
2014-04-24,1.322
2014-04-25,1.322
2014-04-28,1.323
2014-04-29,1.323
2014-04-30,1.324
2014-05-05,1.326
2014-05-06,1.328
2014-05-07,1.33
2014-05-08,1.332
2014-05-09,1.335
2014-05-12,1.336
2014-05-13,1.337
2014-05-14,1.335
2014-05-15,1.336
2014-05-16,1.335
2014-05-19,1.337
2014-05-20,1.337
2014-05-21,1.337
2014-05-22,1.338
2014-05-23,1.338
2014-05-26,1.339
2014-05-27,1.34
2014-05-28,1.341
2014-05-29,1.344
2014-05-30,1.345
2014-06-03,1.352
2014-06-04,1.354
2014-06-05,1.354
2014-06-06,1.357
2014-06-09,1.356
2014-06-10,1.358
2014-06-11,1.359
2014-06-12,1.361
2014-06-13,1.362
2014-06-16,1.363
2014-06-17,1.361
2014-06-18,1.36
2014-06-19,1.36
2014-06-20,1.361
2014-06-23,1.362
2014-06-24,1.362
2014-06-25,1.361
2014-06-26,1.362
2014-06-27,1.363
2014-06-30,1.364
2014-07-01,1.363
2014-07-02,1.364
2014-07-03,1.366
2014-07-04,1.364
2014-07-07,1.359
2014-07-08,1.36
2014-07-09,1.359
2014-07-10,1.365
2014-07-11,1.366
2014-07-14,1.366
2014-07-15,1.369
2014-07-16,1.369
2014-07-17,1.368
2014-07-18,1.367
2014-07-21,1.367
2014-07-22,1.368
2014-07-23,1.368
2014-07-24,1.369
2014-07-25,1.37
2014-07-28,1.373
2014-07-29,1.374
2014-07-30,1.373
2014-07-31,1.375
2014-08-01,1.376
2014-08-04,1.378
2014-08-05,1.379
2014-08-06,1.38
2014-08-07,1.379
2014-08-08,1.38
2014-08-11,1.383
2014-08-12,1.383
2014-08-13,1.384
2014-08-14,1.384
2014-08-15,1.385
2014-08-18,1.387
2014-08-19,1.388
2014-08-20,1.389
2014-08-21,1.388
2014-08-22,1.389
2014-08-25,1.391
2014-08-26,1.39
2014-08-27,1.39
2014-08-28,1.39
2014-08-29,1.393
2014-09-01,1.395
2014-09-02,1.397
2014-09-03,1.4
2014-09-04,1.402
2014-09-05,1.404
2014-09-09,1.404
2014-09-10,1.403
2014-09-11,1.403
2014-09-12,1.405
2014-09-15,1.406
2014-09-16,1.404
2014-09-17,1.405
2014-09-18,1.408
2014-09-19,1.411
2014-09-22,1.41
2014-09-23,1.411
2014-09-24,1.413
2014-09-25,1.414
2014-09-26,1.415
2014-09-29,1.416
2014-09-30,1.417
2014-10-08,1.419
2014-10-09,1.419
2014-10-10,1.418
2014-10-13,1.418
2014-10-14,1.42
2014-10-15,1.425
2014-10-16,1.426
2014-10-17,1.428
2014-10-20,1.432
2014-10-21,1.433
2014-10-22,1.434
2014-10-23,1.436
2014-10-24,1.436
2014-10-27,1.436
2014-10-28,1.44
2014-10-29,1.445
2014-10-30,1.45
2014-10-31,1.454
2014-11-03,1.457
2014-11-04,1.461
2014-11-05,1.461
2014-11-06,1.464
2014-11-07,1.468
2014-11-10,1.479
2014-11-11,1.484
2014-11-12,1.485
2014-11-13,1.486
2014-11-14,1.482
2014-11-17,1.477
2014-11-18,1.47
2014-11-19,1.469
2014-11-20,1.469
2014-11-21,1.47
2014-11-24,1.479
2014-11-25,1.48
2014-11-26,1.485
2014-11-27,1.486
2014-11-28,1.493
2014-12-01,1.494
2014-12-02,1.502
2014-12-03,1.497
2014-12-04,1.498
2014-12-05,1.497
2014-12-08,1.496
2014-12-09,1.472
2014-12-10,1.465
2014-12-11,1.46
2014-12-12,1.462
2014-12-15,1.464
2014-12-16,1.464
2014-12-17,1.466
2014-12-18,1.465
2014-12-19,1.468
2014-12-22,1.472
2014-12-23,1.47
2014-12-24,1.471
2014-12-25,1.476
2014-12-26,1.48
2014-12-29,1.484
2014-12-30,1.487
2014-12-31,1.489
2015-01-05,1.497
2015-01-06,1.504
2015-01-07,1.506
2015-01-08,1.503
2015-01-09,1.507
2015-01-12,1.505
2015-01-13,1.51
2015-01-14,1.512
2015-01-15,1.517
2015-01-16,1.52
2015-01-19,1.513
2015-01-20,1.517
2015-01-21,1.525
2015-01-22,1.527
2015-01-23,1.527
2015-01-26,1.526
2015-01-27,1.525
2015-01-28,1.523
2015-01-29,1.52
2015-01-30,1.518
2015-02-02,1.514
2015-02-03,1.516
2015-02-04,1.514
2015-02-05,1.516
2015-02-06,1.515
2015-02-09,1.515
2015-02-10,1.516
2015-02-11,1.519
2015-02-12,1.519
2015-02-13,1.522
2015-02-16,1.526
2015-02-17,1.529
2015-02-25,1.529
2015-02-26,1.531
2015-02-27,1.532
2015-03-02,1.529
2015-03-03,1.527
2015-03-04,1.527
2015-03-05,1.525
2015-03-06,1.524
2015-03-09,1.526
2015-03-10,1.525
2015-03-11,1.528
2015-03-12,1.53
2015-03-13,1.531
2015-03-16,1.533
2015-03-17,1.534
2015-03-18,1.534
2015-03-19,1.534
2015-03-20,1.536
2015-03-23,1.537
2015-03-24,1.538
2015-03-25,1.539
2015-03-26,1.536
2015-03-27,1.535
2015-03-30,1.536
2015-03-31,1.532
2015-04-01,1.534
2015-04-02,1.536
2015-04-03,1.539
2015-04-07,1.541
2015-04-08,1.541
2015-04-09,1.541
2015-04-10,1.544
2015-04-13,1.549
2015-04-14,1.553
2015-04-15,1.55
2015-04-16,1.555
2015-04-17,1.558
2015-04-20,1.558
2015-04-21,1.565
2015-04-22,1.567
2015-04-23,1.566
2015-04-24,1.562
2015-04-27,1.566
2015-04-28,1.566
2015-04-29,1.567
2015-04-30,1.567
2015-05-04,1.569
2015-05-05,1.565
2015-05-06,1.564
2015-05-07,1.563
2015-05-08,1.568
2015-05-11,1.572
2015-05-12,1.575
2015-05-13,1.575
2015-05-14,1.58
2015-05-15,1.578
2015-05-18,1.58
2015-05-19,1.582
2015-05-20,1.583
2015-05-21,1.588
2015-05-22,1.591
2015-05-25,1.599
2015-05-26,1.603
2015-05-27,1.608
2015-05-28,1.599
2015-05-29,1.603
2015-06-01,1.617
2015-06-02,1.62
2015-06-03,1.62
2015-06-04,1.62
2015-06-05,1.622
2015-06-08,1.625
2015-06-09,1.622
2015-06-10,1.621
2015-06-11,1.623
2015-06-12,1.626
2015-06-15,1.629
2015-06-16,1.617
2015-06-17,1.619
2015-06-18,1.613
2015-06-19,1.602
2015-06-23,1.607
2015-06-24,1.609
2015-06-25,1.601
2015-06-26,1.586
2015-06-29,1.577
2015-06-30,1.587
2015-07-01,1.578
2015-07-02,1.571
2015-07-03,1.563
2015-07-06,1.566
2015-07-07,1.565
2015-07-08,1.563
2015-07-09,1.564
2015-07-10,1.567
2015-07-13,1.569
2015-07-14,1.57
2015-07-15,1.568
2015-07-16,1.57
2015-07-17,1.572
2015-07-20,1.574
2015-07-21,1.574
2015-07-22,1.575
2015-07-23,1.577
2015-07-24,1.578
2015-07-27,1.576
2015-07-28,1.577
2015-07-29,1.579
2015-07-30,1.579
2015-07-31,1.58
2015-08-03,1.581
2015-08-04,1.582
2015-08-05,1.583
2015-08-06,1.584
2015-08-07,1.586
2015-08-10,1.587
2015-08-11,1.585
2015-08-12,1.585
2015-08-13,1.585
2015-08-14,1.586
2015-08-17,1.587
2015-08-18,1.587
2015-08-19,1.588
2015-08-20,1.588
2015-08-21,1.588
2015-08-24,1.588
2015-08-25,1.588
2015-08-26,1.588
2015-08-27,1.588
2015-08-28,1.588
2015-08-31,1.589
2015-09-01,1.59
2015-09-02,1.591
2015-09-07,1.592
2015-09-08,1.592
2015-09-09,1.592
2015-09-10,1.592
2015-09-11,1.592
2015-09-14,1.593
2015-09-15,1.594
2015-09-16,1.595
2015-09-17,1.595
2015-09-18,1.596
2015-09-21,1.596
2015-09-22,1.596
2015-09-23,1.596
2015-09-24,1.595
2015-09-25,1.596
2015-09-28,1.596
2015-09-29,1.597
2015-09-30,1.598
2015-10-08,1.6
2015-10-09,1.6
2015-10-12,1.6
2015-10-13,1.601
2015-10-14,1.603
2015-10-15,1.603
2015-10-16,1.604
2015-10-19,1.604
2015-10-20,1.605
2015-10-21,1.606
2015-10-22,1.606
2015-10-23,1.607
2015-10-26,1.609
2015-10-27,1.61
2015-10-28,1.612
2015-10-29,1.612
2015-10-30,1.612
2015-11-02,1.613
2015-11-03,1.612
2015-11-04,1.612
2015-11-05,1.612
2015-11-06,1.613
2015-11-09,1.61
2015-11-10,1.608
2015-11-11,1.608
2015-11-12,1.607
2015-11-13,1.607
2015-11-16,1.608
2015-11-17,1.608
2015-11-18,1.608
2015-11-19,1.607
2015-11-20,1.607
2015-11-23,1.607
2015-11-24,1.608
2015-11-25,1.608
2015-11-26,1.609
2015-11-27,1.609
2015-11-30,1.61
2015-12-01,1.61
2015-12-02,1.61
2015-12-03,1.612
2015-12-04,1.614
2015-12-07,1.615
2015-12-08,1.616
2015-12-09,1.616
2015-12-10,1.617
2015-12-11,1.617
2015-12-14,1.619
2015-12-15,1.619
2015-12-16,1.62
2015-12-17,1.62
2015-12-18,1.621
2015-12-21,1.622
2015-12-22,1.624
2015-12-23,1.624
2015-12-24,1.625
2015-12-25,1.626
2015-12-28,1.627
2015-12-29,1.627
2015-12-30,1.628
2015-12-31,1.628
2016-01-04,1.627
2016-01-05,1.627
2016-01-06,1.628
2016-01-07,1.629
2016-01-08,1.629
2016-01-11,1.631
2016-01-12,1.633
2016-01-13,1.634
2016-01-14,1.636
2016-01-15,1.637
2016-01-18,1.637
2016-01-19,1.637
2016-01-20,1.636
2016-01-21,1.636
2016-01-22,1.636
2016-01-25,1.636
2016-01-26,1.635
2016-01-27,1.634
2016-01-28,1.633
2016-01-29,1.634
2016-02-01,1.634
2016-02-02,1.634
2016-02-03,1.634
2016-02-04,1.635
2016-02-05,1.635
2016-02-15,1.637
2016-02-16,1.638
2016-02-17,1.638
2016-02-18,1.639
2016-02-19,1.64
2016-02-22,1.64
2016-02-23,1.641
2016-02-24,1.642
2016-02-25,1.642
2016-02-26,1.643
2016-02-29,1.643
2016-03-01,1.644
2016-03-02,1.644
2016-03-03,1.645
2016-03-04,1.645
2016-03-07,1.646
2016-03-08,1.647
2016-03-09,1.648
2016-03-10,1.649
2016-03-11,1.65
2016-03-14,1.651
2016-03-15,1.651
2016-03-16,1.652
2016-03-17,1.653
2016-03-18,1.653
2016-03-21,1.653
2016-03-22,1.653
2016-03-23,1.653
2016-03-24,1.654
2016-03-25,1.655
2016-03-28,1.654
2016-03-29,1.654
2016-03-30,1.654
2016-03-31,1.654
2016-04-01,1.654
2016-04-05,1.655
2016-04-06,1.655
2016-04-07,1.655
2016-04-08,1.654
2016-04-11,1.654
2016-04-12,1.653
2016-04-13,1.651
2016-04-14,1.65
2016-04-15,1.649
2016-04-18,1.649
2016-04-19,1.649
2016-04-20,1.647
2016-04-21,1.645
2016-04-22,1.642
2016-04-25,1.639
2016-04-26,1.639
2016-04-27,1.639
2016-04-28,1.64
2016-04-29,1.64
2016-05-03,1.643
2016-05-04,1.643
2016-05-05,1.644
2016-05-06,1.644
2016-05-09,1.646
2016-05-10,1.647
2016-05-11,1.648
2016-05-12,1.648
2016-05-13,1.649
2016-05-16,1.649
2016-05-17,1.649
2016-05-18,1.648
2016-05-19,1.647
2016-05-20,1.648
2016-05-23,1.648
2016-05-24,1.648
2016-05-25,1.649
2016-05-26,1.649
2016-05-27,1.649
2016-05-30,1.649
2016-05-31,1.649
2016-06-01,1.649
2016-06-02,1.649
2016-06-03,1.649
2016-06-06,1.65
2016-06-07,1.65
2016-06-08,1.65
2016-06-13,1.65
2016-06-14,1.651
2016-06-15,1.651
2016-06-16,1.652
2016-06-17,1.653
2016-06-20,1.654
2016-06-21,1.654
2016-06-22,1.655
2016-06-23,1.655
2016-06-24,1.656
2016-06-27,1.657
2016-06-28,1.658
2016-06-29,1.658
2016-06-30,1.658
2016-07-01,1.659
2016-07-04,1.661
2016-07-05,1.661
2016-07-06,1.662
2016-07-07,1.663
2016-07-08,1.664
2016-07-11,1.664
2016-07-12,1.665
2016-07-13,1.665
2016-07-14,1.666
2016-07-15,1.666
2016-07-18,1.667
2016-07-19,1.668
2016-07-20,1.669
2016-07-21,1.67
2016-07-22,1.67
2016-07-25,1.67
2016-07-26,1.671
2016-07-27,1.671
2016-07-28,1.672
2016-07-29,1.673
2016-08-01,1.673
2016-08-02,1.674
2016-08-03,1.675
2016-08-04,1.675
2016-08-05,1.676
2016-08-08,1.677
2016-08-09,1.677
2016-08-10,1.678
2016-08-11,1.679
2016-08-12,1.68
2016-08-15,1.681
2016-08-16,1.681
2016-08-17,1.681
2016-08-18,1.682
2016-08-19,1.682
2016-08-22,1.682
2016-08-23,1.681
2016-08-24,1.681
2016-08-25,1.68
2016-08-26,1.681
2016-08-29,1.682
2016-08-30,1.681
2016-08-31,1.682
2016-09-01,1.682
2016-09-02,1.683
2016-09-05,1.683
2016-09-06,1.683
2016-09-07,1.683
2016-09-08,1.683
2016-09-09,1.684
2016-09-12,1.683
2016-09-13,1.684
2016-09-14,1.684
2016-09-19,1.684
2016-09-20,1.685
2016-09-21,1.685
2016-09-22,1.686
2016-09-23,1.686
2016-09-26,1.687
2016-09-27,1.687
2016-09-28,1.687
2016-09-29,1.688
2016-09-30,1.688
2016-10-10,1.69
2016-10-11,1.691
2016-10-12,1.691
2016-10-13,1.692
2016-10-14,1.693
2016-10-17,1.693
2016-10-18,1.694
2016-10-19,1.694
2016-10-20,1.695
2016-10-21,1.695
2016-10-24,1.695
2016-10-25,1.695
2016-10-26,1.694
2016-10-27,1.693
2016-10-28,1.694
2016-10-31,1.693
2016-11-01,1.693
2016-11-02,1.694
2016-11-03,1.694
2016-11-04,1.695
2016-11-07,1.695
2016-11-08,1.694
2016-11-09,1.694
2016-11-10,1.694
2016-11-11,1.694
2016-11-14,1.693
2016-11-15,1.692
2016-11-16,1.691
2016-11-17,1.69
2016-11-18,1.69
2016-11-21,1.69
2016-11-22,1.69
2016-11-23,1.689
2016-11-24,1.689
2016-11-25,1.688
2016-11-28,1.688
2016-11-29,1.687
2016-11-30,1.685
2016-12-01,1.682
2016-12-02,1.681
2016-12-05,1.681
2016-12-06,1.679
2016-12-07,1.679
2016-12-08,1.68
2016-12-09,1.68
2016-12-12,1.679
2016-12-13,1.676
2016-12-14,1.674
2016-12-15,1.666
2016-12-16,1.665
2016-12-19,1.663
2016-12-20,1.661
2016-12-21,1.661
2016-12-22,1.664
2016-12-23,1.666
2016-12-26,1.666
2016-12-27,1.668
2016-12-28,1.668
2016-12-29,1.669
2016-12-30,1.671
2016-12-31,1.671
2017-01-03,1.672
2017-01-04,1.673
2017-01-05,1.674
2017-01-06,1.674
2017-01-09,1.675
2017-01-10,1.676
2017-01-11,1.677
2017-01-12,1.678
2017-01-13,1.678
2017-01-16,1.679
2017-01-17,1.678
2017-01-18,1.677
2017-01-19,1.676
2017-01-20,1.677
2017-01-23,1.678
2017-01-24,1.678
2017-01-25,1.678
2017-01-26,1.678
2017-02-03,1.678
2017-02-06,1.677
2017-02-07,1.675
2017-02-08,1.675
2017-02-09,1.675
2017-02-10,1.676
2017-02-13,1.676
2017-02-14,1.677
2017-02-15,1.677
2017-02-16,1.677
2017-02-17,1.678
2017-02-20,1.679
2017-02-21,1.678
2017-02-22,1.678
2017-02-23,1.678
2017-02-24,1.68
2017-02-27,1.68
2017-02-28,1.68
2017-03-01,1.68
2017-03-02,1.68
2017-03-03,1.68
2017-03-06,1.68
2017-03-07,1.68
2017-03-08,1.679
2017-03-09,1.679
2017-03-10,1.678
2017-03-13,1.678
2017-03-14,1.678
2017-03-15,1.678
2017-03-16,1.679
2017-03-17,1.679
2017-03-20,1.679
2017-03-21,1.678
2017-03-22,1.678
2017-03-23,1.679
2017-03-24,1.68
2017-03-27,1.681
2017-03-28,1.683
2017-03-29,1.682
2017-03-30,1.683
2017-03-31,1.683
2017-04-05,1.684
2017-04-06,1.684
2017-04-07,1.685
2017-04-10,1.686
2017-04-11,1.686
2017-04-12,1.686
2017-04-13,1.687
2017-04-14,1.686
2017-04-17,1.685
2017-04-18,1.684
2017-04-19,1.683
2017-04-20,1.682
2017-04-21,1.681
2017-04-24,1.679
2017-04-25,1.679
2017-04-26,1.679
2017-04-27,1.679
2017-04-28,1.68
2017-05-02,1.68
2017-05-03,1.679
2017-05-04,1.679
2017-05-05,1.678
2017-05-08,1.677
2017-05-09,1.676
2017-05-10,1.674
2017-05-11,1.673
2017-05-12,1.672
2017-05-15,1.672
2017-05-16,1.671
2017-05-17,1.671
2017-05-18,1.672
2017-05-19,1.672
2017-05-22,1.672
2017-05-23,1.671
2017-05-24,1.671
2017-05-25,1.672
2017-05-26,1.671
2017-05-31,1.672
2017-06-01,1.672
2017-06-02,1.673
2017-06-05,1.673
2017-06-06,1.673
2017-06-07,1.673
2017-06-08,1.674
2017-06-09,1.674
2017-06-12,1.675
2017-06-13,1.677
2017-06-14,1.678
2017-06-15,1.68
2017-06-16,1.681
2017-06-19,1.685
2017-06-20,1.687
2017-06-21,1.688
2017-06-22,1.689
2017-06-23,1.689
2017-06-26,1.692
2017-06-27,1.694
2017-06-28,1.696
2017-06-29,1.698
2017-06-30,1.699
2017-07-03,1.7
2017-07-04,1.7
2017-07-05,1.701
2017-07-06,1.701
2017-07-07,1.702
2017-07-10,1.704
2017-07-11,1.704
2017-07-12,1.705
2017-07-13,1.705
2017-07-14,1.706
2017-07-17,1.707
2017-07-18,1.707
2017-07-19,1.707
2017-07-20,1.708
2017-07-21,1.708
2017-07-24,1.709
2017-07-25,1.709
2017-07-26,1.709
2017-07-27,1.709
2017-07-28,1.709
2017-07-31,1.71
2017-08-01,1.71
2017-08-02,1.711
2017-08-03,1.71
2017-08-04,1.711
2017-08-07,1.711
2017-08-08,1.71
2017-08-09,1.711
2017-08-10,1.711
2017-08-11,1.71
2017-08-14,1.711
2017-08-15,1.712
2017-08-16,1.712
2017-08-17,1.712
2017-08-18,1.712
2017-08-21,1.712
2017-08-22,1.712
2017-08-23,1.712
2017-08-24,1.712
2017-08-25,1.711
2017-08-28,1.711
2017-08-29,1.711
2017-08-30,1.71
2017-08-31,1.709
2017-09-01,1.71
2017-09-04,1.71
2017-09-05,1.71
2017-09-06,1.71
2017-09-07,1.71
2017-09-08,1.711
2017-09-11,1.712
2017-09-12,1.713
2017-09-13,1.713
2017-09-14,1.714
2017-09-15,1.714
2017-09-18,1.715
2017-09-19,1.715
2017-09-20,1.715
2017-09-21,1.715
2017-09-22,1.716
2017-09-25,1.717
2017-09-26,1.717
2017-09-27,1.717
2017-09-28,1.717
2017-09-29,1.717
2017-10-09,1.718
2017-10-10,1.718
2017-10-11,1.718
2017-10-12,1.718
2017-10-13,1.719
2017-10-16,1.719
2017-10-17,1.718
2017-10-18,1.718
2017-10-19,1.719
2017-10-20,1.719
2017-10-23,1.719
2017-10-24,1.719
2017-10-25,1.719
2017-10-26,1.719
2017-10-27,1.719
2017-10-30,1.717
2017-10-31,1.716
2017-11-01,1.717
2017-11-02,1.717
2017-11-03,1.717
2017-11-06,1.717
2017-11-07,1.717
2017-11-08,1.717
2017-11-09,1.717
2017-11-10,1.716
2017-11-13,1.715
2017-11-14,1.714
2017-11-15,1.713
2017-11-16,1.714
2017-11-17,1.714
2017-11-20,1.714
2017-11-21,1.713
2017-11-22,1.71
2017-11-23,1.709
2017-11-24,1.708
2017-11-27,1.708
2017-11-28,1.707
2017-11-29,1.707
2017-11-30,1.707
2017-12-01,1.708
2017-12-04,1.71
2017-12-05,1.711
2017-12-06,1.711
2017-12-07,1.711
2017-12-08,1.712
2017-12-11,1.712
2017-12-12,1.711
2017-12-13,1.711
2017-12-14,1.711
2017-12-15,1.712
2017-12-18,1.712
2017-12-19,1.712
2017-12-20,1.712
2017-12-21,1.711
2017-12-22,1.711
2017-12-25,1.712
2017-12-26,1.712
2017-12-27,1.712
2017-12-28,1.711
2017-12-29,1.712
2017-12-31,1.712
2018-01-02,1.713
2018-01-03,1.714
2018-01-04,1.714
2018-01-05,1.715
2018-01-08,1.716
2018-01-09,1.716
2018-01-10,1.716
2018-01-11,1.715
2018-01-12,1.715
2018-01-15,1.716
2018-01-16,1.716
2018-01-17,1.716
2018-01-18,1.716
2018-01-19,1.716
2018-01-22,1.717
2018-01-23,1.717
2018-01-24,1.717
2018-01-25,1.717
2018-01-26,1.718
2018-01-29,1.719
2018-01-30,1.72
2018-01-31,1.72
2018-02-01,1.721
2018-02-02,1.721
2018-02-05,1.722
2018-02-06,1.723
2018-02-07,1.723
2018-02-08,1.724
2018-02-09,1.724
2018-02-12,1.725
2018-02-13,1.725
2018-02-14,1.726
2018-02-22,1.728
2018-02-23,1.728
2018-02-26,1.73
2018-02-27,1.73
2018-02-28,1.731
2018-03-01,1.731
2018-03-02,1.731
2018-03-05,1.732
2018-03-06,1.732
2018-03-07,1.733
2018-03-08,1.733
2018-03-09,1.734
2018-03-12,1.734
2018-03-13,1.734
2018-03-14,1.734
2018-03-15,1.734
2018-03-16,1.735
2018-03-19,1.735
2018-03-20,1.735
2018-03-21,1.736
2018-03-22,1.736
2018-03-23,1.739
2018-03-26,1.74
2018-03-27,1.741
2018-03-28,1.742
2018-03-29,1.742
2018-03-30,1.742
2018-04-02,1.744
2018-04-03,1.745
2018-04-04,1.746
2018-04-09,1.749
2018-04-10,1.749
2018-04-11,1.75
2018-04-12,1.751
2018-04-13,1.751
2018-04-16,1.752
2018-04-17,1.753
2018-04-18,1.758
2018-04-19,1.758
2018-04-20,1.758
2018-04-23,1.757
2018-04-24,1.757
2018-04-25,1.756
2018-04-26,1.756
2018-04-27,1.756
2018-05-02,1.756
2018-05-03,1.756
2018-05-04,1.756
2018-05-07,1.757
2018-05-08,1.756
2018-05-09,1.756
2018-05-10,1.756
2018-05-11,1.755
2018-05-14,1.755
2018-05-15,1.755
2018-05-16,1.755
2018-05-17,1.755
2018-05-18,1.755
2018-05-21,1.755
2018-05-22,1.755
2018-05-23,1.755
2018-05-24,1.755
2018-05-25,1.755
2018-05-28,1.755
2018-05-29,1.755
2018-05-30,1.755
2018-05-31,1.755
2018-06-01,1.756
2018-06-04,1.756
2018-06-05,1.755
2018-06-06,1.756
2018-06-07,1.754
2018-06-08,1.754
2018-06-11,1.754
2018-06-12,1.754
2018-06-13,1.754
2018-06-14,1.755
2018-06-15,1.755
2018-06-19,1.755
2018-06-20,1.755
2018-06-21,1.755
2018-06-22,1.755
2018-06-25,1.756
2018-06-26,1.756
2018-06-27,1.756
2018-06-28,1.757
2018-06-29,1.758
2018-06-30,1.758
2018-07-02,1.759
2018-07-03,1.761
2018-07-04,1.762
2018-07-05,1.763
2018-07-06,1.764
2018-07-09,1.765
2018-07-10,1.765
2018-07-11,1.765
2018-07-12,1.766
2018-07-13,1.766
2018-07-16,1.767
2018-07-17,1.767
2018-07-18,1.767
2018-07-19,1.769
2018-07-20,1.77
2018-07-23,1.772
2018-07-24,1.773
2018-07-25,1.775
2018-07-26,1.776
2018-07-27,1.778
2018-07-30,1.78
2018-07-31,1.782
2018-08-01,1.784
2018-08-02,1.786
2018-08-03,1.787
2018-08-06,1.789
2018-08-07,1.79
2018-08-08,1.791
2018-08-09,1.791
2018-08-10,1.79
2018-08-13,1.789
2018-08-14,1.788
2018-08-15,1.789
2018-08-16,1.789
2018-08-17,1.789
2018-08-20,1.789
2018-08-21,1.789
2018-08-22,1.789
2018-08-23,1.79
2018-08-24,1.79
2018-08-27,1.792
2018-08-28,1.792
2018-08-29,1.792
2018-08-30,1.792
2018-08-31,1.793
2018-09-03,1.793
2018-09-04,1.793
2018-09-05,1.793
2018-09-06,1.793
2018-09-07,1.793
2018-09-10,1.793
2018-09-11,1.793
2018-09-12,1.793
2018-09-13,1.794
2018-09-14,1.794
2018-09-17,1.795
2018-09-18,1.795
2018-09-19,1.795
2018-09-20,1.795
2018-09-21,1.795
2018-09-25,1.796
2018-09-26,1.796
2018-09-27,1.797
2018-09-28,1.798
2018-10-08,1.799
2018-10-09,1.8
2018-10-10,1.8
2018-10-11,1.801
2018-10-12,1.802
2018-10-15,1.803
2018-10-16,1.803
2018-10-17,1.803
2018-10-18,1.804
2018-10-19,1.804
2018-10-22,1.805
2018-10-23,1.805
2018-10-24,1.806
2018-10-25,1.806
2018-10-26,1.806
2018-10-29,1.807
2018-10-30,1.808
2018-10-31,1.808
2018-11-01,1.809
2018-11-02,1.809
2018-11-05,1.809
2018-11-06,1.81
2018-11-07,1.811
2018-11-08,1.811
2018-11-09,1.812
2018-11-12,1.812
2018-11-13,1.813
2018-11-14,1.814
2018-11-15,1.816
2018-11-16,1.817
2018-11-19,1.818
2018-11-20,1.818
2018-11-21,1.819
2018-11-22,1.819
2018-11-23,1.819
2018-11-26,1.819
2018-11-27,1.819
2018-11-28,1.82
2018-11-29,1.82
2018-11-30,1.82
2018-12-03,1.821
2018-12-04,1.822
2018-12-05,1.822
2018-12-06,1.823
2018-12-07,1.823
2018-12-10,1.823
2018-12-11,1.824
2018-12-12,1.824
2018-12-13,1.824
2018-12-14,1.824
2018-12-17,1.824
2018-12-18,1.823
2018-12-19,1.823
2018-12-20,1.824
2018-12-21,1.824
2018-12-24,1.824
2018-12-25,1.824
2018-12-26,1.824
2018-12-27,1.825
2018-12-28,1.826
2018-12-31,1.827
2019-01-02,1.828
2019-01-03,1.829
2019-01-04,1.83
2019-01-07,1.831
2019-01-08,1.832
2019-01-09,1.833
2019-01-10,1.834
2019-01-11,1.834
2019-01-14,1.835
2019-01-15,1.835
2019-01-16,1.835
2019-01-17,1.836
2019-01-18,1.836
2019-01-21,1.837
2019-01-22,1.837
2019-01-23,1.837
2019-01-24,1.838
2019-01-25,1.838
2019-01-28,1.838
2019-01-29,1.838
2019-01-30,1.838
2019-01-31,1.839
2019-02-01,1.84
2019-02-11,1.842
2019-02-12,1.842
2019-02-13,1.843
2019-02-14,1.844
2019-02-15,1.844
2019-02-18,1.846
2019-02-19,1.846
2019-02-20,1.846
2019-02-21,1.846
2019-02-22,1.846
2019-02-25,1.847
2019-02-26,1.846
2019-02-27,1.846
2019-02-28,1.846
2019-03-01,1.845
2019-03-04,1.845
2019-03-05,1.845
2019-03-06,1.845
2019-03-07,1.845
2019-03-08,1.845
2019-03-11,1.846
2019-03-12,1.846
2019-03-13,1.846
2019-03-14,1.846
2019-03-15,1.846
2019-03-18,1.846
2019-03-19,1.847
2019-03-20,1.847
2019-03-21,1.847
2019-03-22,1.848
2019-03-25,1.848
2019-03-26,1.849
2019-03-27,1.849
2019-03-28,1.849
2019-03-29,1.85
2019-04-01,1.851
2019-04-02,1.851
2019-04-03,1.85
2019-04-04,1.85
2019-04-08,1.85
2019-04-09,1.849
2019-04-10,1.849
2019-04-11,1.849
2019-04-12,1.849
2019-04-15,1.848
2019-04-16,1.849
2019-04-17,1.848
2019-04-18,1.849
2019-04-19,1.849
2019-04-22,1.849
2019-04-23,1.849
2019-04-24,1.849
2019-04-25,1.849
2019-04-26,1.849
2019-04-29,1.849
2019-04-30,1.85
2019-05-06,1.852
2019-05-07,1.853
2019-05-08,1.854
2019-05-09,1.855
2019-05-10,1.856
2019-05-13,1.857
2019-05-14,1.858
2019-05-15,1.859
2019-05-16,1.859
2019-05-17,1.86
2019-05-20,1.861
2019-05-21,1.861
2019-05-22,1.861
2019-05-23,1.861
2019-05-24,1.861
2019-05-27,1.861
2019-05-28,1.86
2019-05-29,1.861
2019-05-30,1.861
2019-05-31,1.862
2019-06-03,1.862
2019-06-04,1.862
2019-06-05,1.863
2019-06-06,1.863
2019-06-10,1.863
2019-06-11,1.863
2019-06-12,1.863
2019-06-13,1.863
2019-06-14,1.862
2019-06-17,1.862
2019-06-18,1.863
2019-06-19,1.863
2019-06-20,1.864
2019-06-21,1.864
2019-06-24,1.865
2019-06-25,1.866
2019-06-26,1.866
2019-06-27,1.867
2019-06-28,1.867
2019-06-30,1.867
2019-07-01,1.868
2019-07-02,1.869
2019-07-03,1.869
2019-07-04,1.87
2019-07-05,1.87
2019-07-08,1.871
2019-07-09,1.871
2019-07-10,1.871
2019-07-11,1.871
2019-07-12,1.871
2019-07-15,1.872
2019-07-16,1.872
2019-07-17,1.872
2019-07-18,1.872
2019-07-19,1.872
2019-07-22,1.873
2019-07-23,1.873
2019-07-24,1.873
2019-07-25,1.873
2019-07-26,1.874
2019-07-29,1.874
2019-07-30,1.875
2019-07-31,1.876
2019-08-01,1.876
2019-08-02,1.878
2019-08-05,1.879
2019-08-06,1.879
2019-08-07,1.88
2019-08-08,1.88
2019-08-09,1.88
2019-08-12,1.881
2019-08-13,1.881
2019-08-14,1.882
2019-08-15,1.883
2019-08-16,1.883
2019-08-19,1.883
2019-08-20,1.884
2019-08-21,1.884
2019-08-22,1.884
2019-08-23,1.884
2019-08-26,1.884
2019-08-27,1.884
2019-08-28,1.884
2019-08-29,1.884
2019-08-30,1.884
2019-09-02,1.885
2019-09-03,1.885
2019-09-04,1.885
2019-09-05,1.886
2019-09-06,1.886
2019-09-09,1.887
2019-09-10,1.887
2019-09-11,1.887
2019-09-12,1.887
2019-09-16,1.888
2019-09-17,1.888
2019-09-18,1.887
2019-09-19,1.887
2019-09-20,1.887
2019-09-23,1.887
2019-09-24,1.887
2019-09-25,1.887
2019-09-26,1.887
2019-09-27,1.888
2019-09-30,1.888
2019-10-08,1.889
2019-10-09,1.89
2019-10-10,1.89
2019-10-11,1.89
2019-10-14,1.89
2019-10-15,1.89
2019-10-16,1.89
2019-10-17,1.89
2019-10-18,1.89
2019-10-21,1.891
2019-10-22,1.89
2019-10-23,1.89
2019-10-24,1.89
2019-10-25,1.89
2019-10-28,1.89
2019-10-29,1.889
2019-10-30,1.888
2019-10-31,1.888
2019-11-01,1.888
2019-11-04,1.888
2019-11-05,1.889
2019-11-06,1.889
2019-11-07,1.89
2019-11-08,1.891
2019-11-11,1.891
2019-11-12,1.892
2019-11-13,1.892
2019-11-14,1.893
2019-11-15,1.893
2019-11-18,1.894
2019-11-19,1.895
2019-11-20,1.895
2019-11-21,1.896
2019-11-22,1.896
2019-11-25,1.897
2019-11-26,1.897
2019-11-27,1.897
2019-11-28,1.8979
2019-11-29,1.8982
2019-12-02,1.8985
2019-12-03,1.899
2019-12-04,1.8992
2019-12-05,1.8996
2019-12-06,1.9001
2019-12-09,1.9006
2019-12-10,1.9009
2019-12-11,1.9015
2019-12-12,1.9021
2019-12-13,1.9026
2019-12-16,1.9035
2019-12-17,1.9043
2019-12-18,1.9045
2019-12-19,1.9048
2019-12-20,1.9052
2019-12-23,1.9055
2019-12-24,1.9066
2019-12-25,1.907
2019-12-26,1.9077
2019-12-27,1.9081
2019-12-30,1.9086
2019-12-31,1.9094
2020-01-02,1.9115
2020-01-03,1.9125
2020-01-06,1.9131
2020-01-07,1.9136
2020-01-08,1.9135
2020-01-09,1.9144
2020-01-10,1.9144
2020-01-13,1.9154
2020-01-14,1.916
2020-01-15,1.9153
2020-01-16,1.9154
2020-01-17,1.9157
2020-01-20,1.9168
2020-01-21,1.9171
2020-01-22,1.9173
2020-01-23,1.9166
2020-02-03,1.9197
2020-02-04,1.9212
2020-02-05,1.9215
2020-02-06,1.9223
2020-02-07,1.9228
2020-02-10,1.924
2020-02-11,1.925
2020-02-12,1.9263
2020-02-13,1.927
2020-02-14,1.9275
2020-02-17,1.9287
2020-02-18,1.9293
2020-02-19,1.9297
2020-02-20,1.9305
2020-02-21,1.9309
2020-02-24,1.9317
2020-02-25,1.9319
2020-02-26,1.9324
2020-02-27,1.9333
2020-02-28,1.9334
2020-03-02,1.9346
2020-03-03,1.9348
2020-03-04,1.9366
2020-03-05,1.9374
2020-03-06,1.9385
2020-03-09,1.9406
2020-03-10,1.9406
2020-03-11,1.9406
2020-03-12,1.94
2020-03-13,1.9385
2020-03-16,1.9381
2020-03-17,1.9369
2020-03-18,1.9366
2020-03-19,1.9362
2020-03-20,1.9371
2020-03-23,1.9388
2020-03-24,1.9397
2020-03-25,1.9405
2020-03-26,1.9414
2020-03-27,1.9417
2020-03-30,1.942
2020-03-31,1.9425
2020-04-01,1.9435
2020-04-02,1.9441
2020-04-03,1.9441
2020-04-07,1.9495
2020-04-08,1.9519
2020-04-09,1.9532
2020-04-10,1.9534
2020-04-13,1.9537
2020-04-14,1.9538
2020-04-15,1.9544
2020-04-16,1.9554
2020-04-17,1.9557
2020-04-20,1.9556
2020-04-21,1.9554
2020-04-22,1.9558
2020-04-23,1.9568
2020-04-24,1.9574
2020-04-27,1.9574
2020-04-28,1.9576
2020-04-29,1.9581
2020-04-30,1.9584
2020-05-06,1.9588
2020-05-07,1.9577
2020-05-08,1.9568
2020-05-11,1.9559
2020-05-12,1.9554
2020-05-13,1.9553
2020-05-14,1.9551
2020-05-15,1.955
2020-05-18,1.955
2020-05-19,1.9546
2020-05-20,1.9547
2020-05-21,1.9548
2020-05-22,1.9559
2020-05-25,1.9559
2020-05-26,1.9549
2020-05-27,1.9537
2020-05-28,1.9533
2020-05-29,1.9532
2020-06-01,1.9532
2020-06-02,1.9506
2020-06-03,1.9474
2020-06-04,1.9459
2020-06-05,1.9425
2020-06-08,1.9416
2020-06-09,1.9424
2020-06-10,1.9427
2020-06-11,1.9435
2020-06-12,1.9449
2020-06-15,1.9463
2020-06-16,1.9457
2020-06-17,1.9449
2020-06-18,1.9452
2020-06-19,1.9449
2020-06-22,1.9444
2020-06-23,1.9421
2020-06-24,1.9425
2020-06-29,1.9435
2020-06-30,1.9438
2020-07-01,1.9448
2020-07-02,1.9454
2020-07-03,1.9461
2020-07-06,1.9456
2020-07-07,1.9426
2020-07-08,1.9413
2020-07-09,1.9378
2020-07-10,1.936
2020-07-13,1.9343
2020-07-14,1.9334
2020-07-15,1.9335
2020-07-16,1.9351
2020-07-17,1.9361
2020-07-20,1.9375
2020-07-21,1.9402
2020-07-22,1.9416
2020-07-23,1.9427
2020-07-24,1.944
2020-07-27,1.9452
2020-07-28,1.9453
2020-07-29,1.9447
2020-07-30,1.9444
2020-07-31,1.9441
2020-08-03,1.944
2020-08-04,1.9444
2020-08-05,1.9445
2020-08-06,1.945
2020-08-07,1.9453
2020-08-10,1.9459
2020-08-11,1.9463
2020-08-12,1.9466
2020-08-13,1.947
2020-08-14,1.9481
2020-08-17,1.9493
2020-08-18,1.9498
2020-08-19,1.9499
2020-08-20,1.9499
2020-08-21,1.9498
2020-08-24,1.9501
2020-08-25,1.9493
2020-08-26,1.9489
2020-08-27,1.9486
2020-08-28,1.948
2020-08-31,1.9484
2020-09-01,1.9487
2020-09-02,1.9484
2020-09-03,1.9478
2020-09-04,1.9479
2020-09-07,1.9477
2020-09-08,1.9473
2020-09-09,1.9475
2020-09-10,1.9479
2020-09-11,1.9481
2020-09-14,1.9482
2020-09-15,1.9486
2020-09-16,1.9488
2020-09-17,1.9489
2020-09-18,1.9491
2020-09-21,1.9495
2020-09-22,1.9496
2020-09-23,1.9497
2020-09-24,1.9497
2020-09-25,1.9496
2020-09-28,1.9495
2020-09-29,1.9496
2020-09-30,1.9495
2020-10-09,1.9508
2020-10-12,1.9507
2020-10-13,1.9508
2020-10-14,1.951
2020-10-15,1.9515
2020-10-16,1.9522
2020-10-19,1.9528
2020-10-20,1.9532
2020-10-21,1.9539
2020-10-22,1.9546
2020-10-23,1.955
2020-10-26,1.9557
2020-10-27,1.9563
2020-10-28,1.9566
2020-10-29,1.957
2020-10-30,1.9572
2020-11-02,1.9577
2020-11-03,1.958
2020-11-04,1.9585
2020-11-05,1.959
2020-11-06,1.9592
2020-11-09,1.9594
2020-11-10,1.9594
2020-11-11,1.9594
2020-11-12,1.9577
2020-11-13,1.9552
2020-11-16,1.954
2020-11-17,1.9525
2020-11-18,1.9511
2020-11-19,1.9487
2020-11-20,1.9468
2020-11-23,1.9472
2020-11-24,1.9481
2020-11-25,1.9483
2020-11-26,1.949
2020-11-27,1.9497
2020-11-30,1.952
2020-12-01,1.9528
2020-12-02,1.9536
2020-12-03,1.954
2020-12-04,1.9543
2020-12-07,1.9547
2020-12-08,1.955
2020-12-09,1.9556
2020-12-10,1.9564
2020-12-11,1.9562
2020-12-14,1.9566
2020-12-15,1.957
2020-12-16,1.9575
2020-12-17,1.958
2020-12-18,1.9584
2020-12-21,1.9595
2020-12-22,1.9606
2020-12-23,1.9613
2020-12-24,1.9619
2020-12-25,1.9624
2020-12-28,1.9632
2020-12-29,1.9638
2020-12-30,1.9645
2020-12-31,1.9649
2021-01-04,1.9662
2021-01-05,1.9668
2021-01-06,1.9677
2021-01-07,1.9692
2021-01-08,1.9703
2021-01-11,1.9712
2021-01-12,1.9718
2021-01-13,1.9724
2021-01-14,1.9731
2021-01-15,1.9735
2021-01-18,1.974
2021-01-19,1.974
2021-01-20,1.9741
2021-01-21,1.9752
2021-01-22,1.9755
2021-01-25,1.9759
2021-01-26,1.9751
2021-01-27,1.9751
2021-01-28,1.9738
2021-01-29,1.9731
2021-02-01,1.9736
2021-02-02,1.9743
2021-02-03,1.9747
2021-02-04,1.9742
2021-02-05,1.9738
2021-02-08,1.974
2021-02-09,1.9745
2021-02-10,1.9751
2021-02-18,1.9762
2021-02-19,1.9767
2021-02-22,1.9772
2021-02-23,1.9775
2021-02-24,1.9781
2021-02-25,1.9784
2021-02-26,1.9786
2021-03-01,1.9794
2021-03-02,1.9799
2021-03-03,1.9803
2021-03-04,1.9807
2021-03-05,1.9812
2021-03-08,1.9818
2021-03-09,1.982
2021-03-10,1.9827
2021-03-11,1.9831
2021-03-12,1.9836
2021-03-15,1.9842
2021-03-16,1.9846
2021-03-17,1.985
2021-03-18,1.9853
2021-03-19,1.9858
2021-03-22,1.9865
2021-03-23,1.9871
2021-03-24,1.9875
2021-03-25,1.9882
2021-03-26,1.9887
2021-03-29,1.9894
2021-03-30,1.9896
2021-03-31,1.9897
2021-04-01,1.9901
2021-04-02,1.9907
2021-04-06,1.9915
2021-04-07,1.9916
2021-04-08,1.9917
2021-04-09,1.9922
2021-04-12,1.9929
2021-04-13,1.9937
2021-04-14,1.9944
2021-04-15,1.9952
2021-04-16,1.9954
2021-04-19,1.9964
2021-04-20,1.9968
2021-04-21,1.9971
2021-04-22,1.9974
2021-04-23,1.9977
2021-04-26,1.9978
2021-04-27,1.998
2021-04-28,1.9982
2021-04-29,1.9986
2021-04-30,1.9988
2021-05-06,2.0
2021-05-07,2.0004
2021-05-10,2.0013
2021-05-11,2.0019
2021-05-12,2.0026
2021-05-13,2.003
2021-05-14,2.0035
2021-05-17,2.0042
2021-05-18,2.0045
2021-05-19,2.005
2021-05-20,2.0055
2021-05-21,2.0066
2021-05-24,2.0072
2021-05-25,2.0075
2021-05-26,2.0081
2021-05-27,2.0084
2021-05-28,2.0084
2021-05-31,2.0087
2021-06-01,2.009
2021-06-02,2.0093
2021-06-03,2.0096
2021-06-04,2.0098
2021-06-07,2.0097
2021-06-08,2.0092
2021-06-09,2.0091
2021-06-10,2.0094
2021-06-11,2.0096
2021-06-15,2.0096
2021-06-16,2.0095
2021-06-17,2.0094
2021-06-18,2.0094
2021-06-21,2.01
2021-06-22,2.0103
2021-06-23,2.0108
2021-06-24,2.0113
2021-06-25,2.012
2021-06-28,2.0129
2021-06-29,2.0133
2021-06-30,2.0138
2021-07-01,2.0147
2021-07-02,2.0153
2021-07-05,2.0163
2021-07-06,2.017
2021-07-07,2.018
2021-07-08,2.0205
2021-07-09,2.0208
2021-07-12,2.0225
2021-07-13,2.0234
2021-07-14,2.0242
2021-07-15,2.0244
2021-07-16,2.0249
2021-07-19,2.0255
2021-07-20,2.0262
2021-07-21,2.027
2021-07-22,2.0275
2021-07-23,2.0282
2021-07-26,2.0294
2021-07-27,2.0294
2021-07-28,2.0294
2021-07-29,2.0297
2021-07-30,2.0304
2021-08-02,2.0316
2021-08-03,2.032
2021-08-04,2.0325
2021-08-05,2.0331
2021-08-06,2.0336
2021-08-09,2.0337
2021-08-10,2.0336
2021-08-11,2.0338
2021-08-12,2.0343
2021-08-13,2.0344
2021-08-16,2.0353
2021-08-17,2.0355
2021-08-18,2.0363
2021-08-19,2.0366
2021-08-20,2.0369
2021-08-23,2.0372
2021-08-24,2.0375
2021-08-25,2.0375
2021-08-26,2.0366
2021-08-27,2.0369
2021-08-30,2.0372
2021-08-31,2.0377
2021-09-01,2.0384
2021-09-02,2.0385
2021-09-03,2.0385
2021-09-06,2.0391
2021-09-07,2.0393
2021-09-08,2.0395
2021-09-09,2.0396
2021-09-10,2.0396
2021-09-13,2.0398
2021-09-14,2.0395
2021-09-15,2.0394
2021-09-16,2.0392
2021-09-17,2.0391
2021-09-22,2.0395
2021-09-23,2.0392
2021-09-24,2.0386
2021-09-27,2.0382
2021-09-28,2.0378
2021-09-29,2.0379
2021-09-30,2.0385
2021-10-08,2.0391
2021-10-11,2.0384
2021-10-12,2.0378
2021-10-13,2.0376
2021-10-14,2.038
2021-10-15,2.0392
2021-10-18,2.0385
2021-10-19,2.0388
2021-10-20,2.0393
2021-10-21,2.0404
2021-10-22,2.0408
2021-10-25,2.0415
2021-10-26,2.0423
2021-10-27,2.0431
2021-10-28,2.0442
2021-10-29,2.0451
2021-11-01,2.0462
2021-11-02,2.0468
2021-11-03,2.0474
2021-11-04,2.0481
2021-11-05,2.0494
2021-11-08,2.0498
2021-11-09,2.0496
2021-11-10,2.0499
2021-11-11,2.0497
2021-11-12,2.05
2021-11-15,2.0506
2021-11-16,2.051
2021-11-17,2.0514
2021-11-18,2.0522
2021-11-19,2.0525
2021-11-22,2.0533
2021-11-23,2.0533
2021-11-24,2.0538
2021-11-25,2.0541
2021-11-26,2.0549
2021-11-29,2.0553
2021-11-30,2.0553
2021-12-01,2.0554
2021-12-02,2.0553
2021-12-03,2.0552
2021-12-06,2.0567
2021-12-07,2.0564
2021-12-08,2.0563
2021-12-09,2.0566
2021-12-10,2.0568
2021-12-13,2.0572
2021-12-14,2.0574
2021-12-15,2.0576
2021-12-16,2.0577
2021-12-17,2.058
2021-12-20,2.0579
2021-12-21,2.0579
2021-12-22,2.0579
2021-12-23,2.0585
2021-12-24,2.059
2021-12-27,2.0596
2021-12-28,2.06
2021-12-29,2.0607
2021-12-30,2.0614
2021-12-31,2.0621
2022-01-04,2.0627
2022-01-05,2.0629
2022-01-06,2.0627
2022-01-07,2.0628
2022-01-10,2.0636
2022-01-11,2.0642
2022-01-12,2.0651
2022-01-13,2.0655
2022-01-14,2.0656
2022-01-17,2.0664
2022-01-18,2.0678
2022-01-19,2.0698
2022-01-20,2.0703
2022-01-21,2.0706
2022-01-24,2.0722
2022-01-25,2.0721
2022-01-26,2.0717
2022-01-27,2.0714
2022-01-28,2.072
2022-02-07,2.0735
2022-02-08,2.0736
2022-02-09,2.0738
2022-02-10,2.074
2022-02-11,2.0725
2022-02-14,2.0717
2022-02-15,2.0715
2022-02-16,2.0721
2022-02-17,2.0726
2022-02-18,2.0727
2022-02-21,2.0716
2022-02-22,2.0706
2022-02-23,2.0709
2022-02-24,2.071
2022-02-25,2.0713
2022-02-28,2.0718
2022-03-01,2.0714
2022-03-02,2.0709
2022-03-03,2.0697
2022-03-04,2.0695
2022-03-07,2.0692
2022-03-08,2.0689
2022-03-09,2.0677
2022-03-10,2.0671
2022-03-11,2.0673
2022-03-14,2.0703
2022-03-15,2.0684
2022-03-16,2.0683
2022-03-17,2.0682
2022-03-18,2.0692
2022-03-21,2.0695
2022-03-22,2.069
2022-03-23,2.0691
2022-03-24,2.0696
2022-03-25,2.0704
2022-03-28,2.0714
2022-03-29,2.0717
2022-03-30,2.0725
2022-03-31,2.073
2022-04-01,2.0739
2022-04-06,2.0752
2022-04-07,2.0763
2022-04-08,2.0768
2022-04-11,2.0768
2022-04-12,2.0769
2022-04-13,2.0774
2022-04-14,2.0784
2022-04-15,2.0788
2022-04-18,2.0787
2022-04-19,2.0789
2022-04-20,2.0788
2022-04-21,2.0793
2022-04-22,2.0798
2022-04-25,2.0806
2022-04-26,2.081
2022-04-27,2.0815
2022-04-28,2.0813
2022-04-29,2.0816
2022-05-05,2.0825
2022-05-06,2.083
2022-05-09,2.0842
2022-05-10,2.0854
2022-05-11,2.086
2022-05-12,2.0865
2022-05-13,2.0875
2022-05-16,2.0879
2022-05-17,2.0887
2022-05-18,2.0896
2022-05-19,2.09
2022-05-20,2.0897
2022-05-23,2.0908
2022-05-24,2.0911
2022-05-25,2.0913
2022-05-26,2.0925
2022-05-27,2.0929
2022-05-30,2.0925
2022-05-31,2.0912
2022-06-01,2.0908
2022-06-02,2.09
2022-06-06,2.0889
2022-06-07,2.0888
2022-06-08,2.0889
2022-06-09,2.0898
2022-06-10,2.0901
2022-06-13,2.0902
2022-06-14,2.0901
2022-06-15,2.0902
2022-06-16,2.0905
2022-06-17,2.0916
2022-06-20,2.0916
2022-06-21,2.0915
2022-06-22,2.092
2022-06-23,2.0926
2022-06-24,2.0927
2022-06-27,2.0918
2022-06-28,2.0916
2022-06-29,2.0918
2022-06-30,2.0922
2022-07-01,2.0925
2022-07-04,2.0921
2022-07-05,2.0918
2022-07-06,2.0924
2022-07-07,2.0927
2022-07-08,2.0934
2022-07-11,2.0943
2022-07-12,2.0953
2022-07-13,2.0961
2022-07-14,2.0971
2022-07-15,2.0977
2022-07-18,2.0988
2022-07-19,2.099
2022-07-20,2.1
2022-07-21,2.1011
2022-07-22,2.1011
2022-07-25,2.1018
2022-07-26,2.1027
2022-07-27,2.1034
2022-07-28,2.1031
2022-07-29,2.1047
2022-08-01,2.1066
2022-08-02,2.1074
2022-08-03,2.108
2022-08-04,2.1092
2022-08-05,2.1089
2022-08-08,2.1086
2022-08-09,2.1078
2022-08-10,2.1079
2022-08-11,2.1074
2022-08-12,2.1074
2022-08-15,2.1104
2022-08-16,2.1121
2022-08-17,2.1123
2022-08-18,2.1132
2022-08-19,2.1134
2022-08-22,2.1139
2022-08-23,2.1136
2022-08-24,2.1134
2022-08-25,2.1125
2022-08-26,2.1122
2022-08-29,2.1128
2022-08-30,2.1132
2022-08-31,2.1136
2022-09-01,2.1143
2022-09-02,2.1149
2022-09-05,2.1156
2022-09-06,2.116
2022-09-07,2.1163
2022-09-08,2.1164
2022-09-09,2.1162
2022-09-13,2.1165
2022-09-14,2.1164
2022-09-15,2.1167
2022-09-16,2.1164
2022-09-19,2.1166
2022-09-20,2.117
2022-09-21,2.1176
2022-09-22,2.118
2022-09-23,2.1182
2022-09-26,2.1174
2022-09-27,2.1171
2022-09-28,2.1166
2022-09-29,2.1161
2022-09-30,2.1155
2022-10-10,2.1173
2022-10-11,2.1177
2022-10-12,2.118
2022-10-13,2.1185
2022-10-14,2.1193
2022-10-17,2.12
2022-10-18,2.1203
2022-10-19,2.1205
2022-10-20,2.1204
2022-10-21,2.1204
2022-10-24,2.1207
2022-10-25,2.1204
2022-10-26,2.1204
2022-10-27,2.1211
2022-10-28,2.1216
2022-10-31,2.1224
2022-11-01,2.1222
2022-11-02,2.1221
2022-11-03,2.1223
2022-11-04,2.122
2022-11-07,2.122
2022-11-08,2.1213
2022-11-09,2.1211
2022-11-10,2.1201
2022-11-11,2.1185
2022-11-14,2.1133
2022-11-15,2.1112
2022-11-16,2.1079
2022-11-17,2.1071
2022-11-18,2.1069
2022-11-21,2.1077
2022-11-22,2.1072
2022-11-23,2.1075
2022-11-24,2.1092
2022-11-25,2.1088
2022-11-28,2.108
2022-11-29,2.105
2022-11-30,2.1035
2022-12-01,2.1024
2022-12-02,2.1023
2022-12-05,2.1015
2022-12-06,2.0987
2022-12-07,2.096
2022-12-08,2.0951
2022-12-09,2.0932
2022-12-12,2.0897
2022-12-13,2.084
2022-12-14,2.0863
2022-12-15,2.0882
2022-12-16,2.0878
2022-12-19,2.0894
2022-12-20,2.0897
2022-12-21,2.0901
2022-12-22,2.0911
2022-12-23,2.0923
2022-12-26,2.0933
2022-12-27,2.0937
2022-12-28,2.0938
2022-12-29,2.0946
2022-12-30,2.0956
2022-12-31,2.0957
2023-01-03,2.0974
2023-01-04,2.0996
2023-01-05,2.1011
2023-01-06,2.1003
2023-01-09,2.0997
2023-01-10,2.0975
2023-01-11,2.0972
2023-01-12,2.0975
2023-01-13,2.0972
2023-01-16,2.0963
2023-01-17,2.096
2023-01-18,2.0963
2023-01-19,2.0966
2023-01-20,2.0971
2023-01-30,2.0984
2023-01-31,2.0987
2023-02-01,2.0992
2023-02-02,2.1001
2023-02-03,2.1019
2023-02-06,2.1032
2023-02-07,2.1039
2023-02-08,2.1052
2023-02-09,2.1063
2023-02-10,2.1071
2023-02-13,2.1077
2023-02-14,2.1083
2023-02-15,2.1092
2023-02-16,2.1108
2023-02-17,2.1117
2023-02-20,2.1109
2023-02-21,2.1101
2023-02-22,2.1106
2023-02-23,2.1111
2023-02-24,2.1113
2023-02-27,2.1114
2023-02-28,2.1114
2023-03-01,2.1117
2023-03-02,2.112
2023-03-03,2.1119
2023-03-06,2.1134
2023-03-07,2.1144
2023-03-08,2.1155
2023-03-09,2.1161
2023-03-10,2.1171
2023-03-13,2.1176
2023-03-14,2.1181
2023-03-15,2.1182
2023-03-16,2.1188
2023-03-17,2.1195
2023-03-20,2.121
2023-03-21,2.121
2023-03-22,2.1212
2023-03-23,2.1216
2023-03-24,2.1207
2023-03-27,2.1216
2023-03-28,2.1218
2023-03-29,2.1219
2023-03-30,2.122
2023-03-31,2.1228
2023-04-03,2.1234
2023-04-04,2.1236
2023-04-06,2.1239
2023-04-07,2.1244
2023-04-10,2.1252
2023-04-11,2.1262
2023-04-12,2.127
2023-04-13,2.1271
2023-04-14,2.1274
2023-04-17,2.1277
2023-04-18,2.1284
2023-04-19,2.1292
2023-04-20,2.1296
2023-04-21,2.1298
2023-04-24,2.1304
2023-04-25,2.1309
2023-04-26,2.1312
2023-04-27,2.1322
2023-04-28,2.1328
2023-05-04,2.1345
2023-05-05,2.1357
2023-05-08,2.1359
2023-05-09,2.1365
2023-05-10,2.1373
2023-05-11,2.1381
2023-05-12,2.138
2023-05-15,2.1381
2023-05-16,2.1382
2023-05-17,2.1383
2023-05-18,2.1381
2023-05-19,2.1385
2023-05-22,2.1393
2023-05-23,2.1403
2023-05-24,2.1403
2023-05-25,2.1401
2023-05-26,2.1401
2023-05-29,2.1406
2023-05-30,2.1408
2023-05-31,2.141
2023-06-01,2.1416
2023-06-02,2.1412
2023-06-05,2.1417
2023-06-06,2.1425
2023-06-07,2.1433
2023-06-08,2.1436
2023-06-09,2.1443
2023-06-12,2.1451
2023-06-13,2.1462
2023-06-14,2.1468
2023-06-15,2.1462
2023-06-16,2.1449
2023-06-19,2.1438
2023-06-20,2.1437
2023-06-21,2.1444
2023-06-26,2.145
2023-06-27,2.1447
2023-06-28,2.1448
2023-06-29,2.1452
2023-06-30,2.1464
2023-07-03,2.1468
2023-07-04,2.1472
2023-07-05,2.1479
2023-07-06,2.1484
2023-07-07,2.149
2023-07-10,2.1496
2023-07-11,2.1503
2023-07-12,2.1505
2023-07-13,2.1506
2023-07-14,2.1505
2023-07-17,2.1513
2023-07-18,2.152
2023-07-19,2.1524
2023-07-20,2.1528
2023-07-21,2.1533
2023-07-24,2.1537
2023-07-25,2.1515
2023-07-26,2.1511
2023-07-27,2.1518
2023-07-28,2.1513
2023-07-31,2.1506
2023-08-01,2.1509
2023-08-02,2.1513
2023-08-03,2.152
2023-08-04,2.1526
2023-08-07,2.1533
2023-08-08,2.1541
2023-08-09,2.1546
2023-08-10,2.155
2023-08-11,2.1555
2023-08-14,2.1567
2023-08-15,2.158
2023-08-16,2.1587
2023-08-17,2.1591
2023-08-18,2.1592
2023-08-21,2.1602
2023-08-22,2.1605
2023-08-23,2.1605
2023-08-24,2.1606
2023-08-25,2.1602
2023-08-28,2.1598
2023-08-29,2.159
2023-08-30,2.1591
2023-08-31,2.1594
2023-09-01,2.1589
2023-09-04,2.1576
2023-09-05,2.1573
2023-09-06,2.156
2023-09-07,2.1541
2023-09-08,2.1523
2023-09-11,2.1508
2023-09-12,2.1514
2023-09-13,2.1532
2023-09-14,2.1546
2023-09-15,2.1549
2023-09-18,2.1542
2023-09-19,2.1542
2023-09-20,2.1546
2023-09-21,2.1556
2023-09-22,2.1554
2023-09-25,2.1555
2023-09-26,2.155
2023-09-27,2.1548
2023-09-28,2.156
2023-10-09,2.1579
2023-10-10,2.1573
2023-10-11,2.1565
2023-10-12,2.1563
2023-10-13,2.1567
2023-10-16,2.1571
2023-10-17,2.1568
2023-10-18,2.1565
2023-10-19,2.1549
2023-10-20,2.1546
2023-10-23,2.1552
2023-10-24,2.1545
2023-10-25,2.1549
2023-10-26,2.1557
2023-10-27,2.156
2023-10-30,2.1566
2023-10-31,2.1575
2023-11-01,2.1578
2023-11-02,2.1588
2023-11-03,2.1594
2023-11-06,2.16
2023-11-07,2.16
2023-11-08,2.1603
2023-11-09,2.1608
2023-11-10,2.1612
2023-11-13,2.1622
2023-11-14,2.1624
2023-11-15,2.1632
2023-11-16,2.164
2023-11-17,2.1648
2023-11-20,2.1653
2023-11-21,2.1656
2023-11-22,2.165
2023-11-23,2.1642
2023-11-24,2.1644
2023-11-27,2.164
2023-11-28,2.1641
2023-11-29,2.164
2023-11-30,2.1646
2023-12-01,2.1649
2023-12-04,2.1648
2023-12-05,2.1645
2023-12-06,2.1644
2023-12-07,2.1644
2023-12-08,2.1645
2023-12-11,2.1653
2023-12-12,2.1651
2023-12-13,2.1663
2023-12-14,2.1671
2023-12-15,2.1684
2023-12-18,2.1693
2023-12-19,2.1698
2023-12-20,2.1701
2023-12-21,2.1705
2023-12-22,2.1713
2023-12-25,2.1722
2023-12-26,2.1733
2023-12-27,2.1746
2023-12-28,2.1759
2023-12-29,2.1768
2023-12-31,2.1769
2024-01-02,2.1772
2024-01-03,2.1771
2024-01-04,2.1777
2024-01-05,2.1787
2024-01-08,2.1794
2024-01-09,2.1803
2024-01-10,2.1806
2024-01-11,2.1807
2024-01-12,2.1807
2024-01-15,2.1811
2024-01-16,2.1812
2024-01-17,2.1815
2024-01-18,2.1819
2024-01-19,2.1826
2024-01-22,2.1835
2024-01-23,2.1838
2024-01-24,2.184
2024-01-25,2.1846
2024-01-26,2.185
2024-01-29,2.1854
2024-01-30,2.1864
2024-01-31,2.1873
2024-02-01,2.1878
2024-02-02,2.188
2024-02-05,2.1891
2024-02-06,2.1887
2024-02-07,2.189
2024-02-08,2.1892
2024-02-19,2.1903
2024-02-20,2.1909
2024-02-21,2.1914
2024-02-22,2.1921
2024-02-23,2.1928
2024-02-26,2.1934
2024-02-27,2.1939
2024-02-28,2.1941
2024-02-29,2.1946
2024-03-01,2.1941
2024-03-04,2.1943
2024-03-05,2.1944
2024-03-06,2.1948
2024-03-07,2.1951
2024-03-08,2.1951
2024-03-11,2.1951
2024-03-12,2.1943
2024-03-13,2.1937
2024-03-14,2.1931
2024-03-15,2.1935
2024-03-18,2.194
2024-03-19,2.1945
2024-03-20,2.1947
2024-03-21,2.1949
2024-03-22,2.1949
2024-03-25,2.1947
2024-03-26,2.1946
2024-03-27,2.1949
2024-03-28,2.1952
2024-03-29,2.1959
2024-04-01,2.196
2024-04-02,2.1965
2024-04-03,2.1973
2024-04-08,2.1984
2024-04-09,2.1994
2024-04-10,2.1999
2024-04-11,2.2007
2024-04-12,2.2019
2024-04-15,2.2027
2024-04-16,2.2031
2024-04-17,2.2036
2024-04-18,2.2046
2024-04-19,2.2055
2024-04-22,2.2067
2024-04-23,2.2077
2024-04-24,2.207
2024-04-25,2.2065
2024-04-26,2.2054
2024-04-29,2.2032
2024-04-30,2.2038
2024-05-06,2.2048
2024-05-07,2.2061
2024-05-08,2.2068
2024-05-09,2.2066
2024-05-10,2.2065
2024-05-13,2.207
2024-05-14,2.2078
2024-05-15,2.2081
2024-05-16,2.2081
2024-05-17,2.208
2024-05-20,2.2086
2024-05-21,2.2085
2024-05-22,2.2089
2024-05-23,2.2095
2024-05-24,2.2097
2024-05-27,2.2101
2024-05-28,2.2104
2024-05-29,2.211
2024-05-30,2.2114
2024-05-31,2.2113
2024-06-03,2.2118
2024-06-04,2.2121
2024-06-05,2.2127
2024-06-06,2.2131
2024-06-07,2.2135
2024-06-11,2.2141
2024-06-12,2.2144
2024-06-13,2.2147
2024-06-14,2.215
2024-06-17,2.2153
2024-06-18,2.2155
2024-06-19,2.2158
2024-06-20,2.216
2024-06-21,2.2159
2024-06-24,2.2161
2024-06-25,2.2164
2024-06-26,2.2166
2024-06-27,2.2171
2024-06-28,2.2176
2024-06-30,2.2177
2024-07-01,2.2174
2024-07-02,2.2177
2024-07-03,2.2182
2024-07-04,2.2184
2024-07-05,2.2182
2024-07-08,2.2175
2024-07-09,2.2179
2024-07-10,2.2181
2024-07-11,2.2184
2024-07-12,2.2189
2024-07-15,2.2194
2024-07-16,2.2197
2024-07-17,2.2199
2024-07-18,2.2199
2024-07-19,2.22
2024-07-22,2.2209
2024-07-23,2.2215
2024-07-24,2.2218
2024-07-25,2.2224
2024-07-26,2.223
2024-07-29,2.2236
2024-07-30,2.224
2024-07-31,2.2243
2024-08-01,2.2248
2024-08-02,2.2254
2024-08-05,2.2259
2024-08-06,2.2256
2024-08-07,2.2257
2024-08-08,2.2254
2024-08-09,2.2247
2024-08-12,2.2228
2024-08-13,2.2228
2024-08-14,2.2237
2024-08-15,2.2235
2024-08-16,2.2236
2024-08-19,2.2238
2024-08-20,2.2236
2024-08-21,2.2228
2024-08-22,2.2226
2024-08-23,2.2222
2024-08-26,2.2216
2024-08-27,2.22
2024-08-28,2.2199
2024-08-29,2.2206
2024-08-30,2.221
2024-09-02,2.2218
2024-09-03,2.2223
2024-09-04,2.2229
2024-09-05,2.2233
2024-09-06,2.2234
2024-09-09,2.2235
2024-09-10,2.2235
2024-09-11,2.2236
2024-09-12,2.2239
2024-09-13,2.2241
2024-09-18,2.225
2024-09-19,2.225
2024-09-20,2.2248
2024-09-23,2.2247
2024-09-24,2.2249
2024-09-25,2.2255
2024-09-26,2.2255
2024-09-27,2.2232
2024-09-30,2.2182
2024-10-08,2.216
2024-10-09,2.2122
2024-10-10,2.2139
2024-10-11,2.2168
2024-10-14,2.2206
2024-10-15,2.2218
2024-10-16,2.2223
2024-10-17,2.2228
2024-10-18,2.2233
2024-10-21,2.2234
2024-10-22,2.2228
2024-10-23,2.2213
2024-10-24,2.2213
2024-10-25,2.2209
2024-10-28,2.2204
2024-10-29,2.2199
2024-10-30,2.22
2024-10-31,2.2202
2024-11-01,2.2214
2024-11-04,2.2221
2024-11-05,2.2225
2024-11-06,2.223
2024-11-07,2.224
2024-11-08,2.2245
2024-11-11,2.2252
2024-11-12,2.2261
2024-11-13,2.2264
2024-11-14,2.2265
2024-11-15,2.227
2024-11-18,2.227
2024-11-19,2.2272
2024-11-20,2.2273
2024-11-21,2.2277
2024-11-22,2.2282
2024-11-25,2.2289
2024-11-26,2.2295
2024-11-27,2.2302
2024-11-28,2.2311
2024-11-29,2.2323
2024-12-02,2.235
2024-12-03,2.2356
2024-12-04,2.2366
2024-12-05,2.2374
2024-12-06,2.2377
2024-12-09,2.2379
2024-12-10,2.2399
2024-12-11,2.24
2024-12-12,2.2404
2024-12-13,2.2417
2024-12-16,2.2429
2024-12-17,2.2426
2024-12-18,2.2423
2024-12-19,2.242
2024-12-20,2.2428
2024-12-23,2.2432
2024-12-24,2.243
2024-12-25,2.2424
2024-12-26,2.2422
2024-12-27,2.2429
2024-12-30,2.2433
2024-12-31,2.2444
2025-01-02,2.2457
2025-01-03,2.2469
2025-01-06,2.2475
2025-01-07,2.2473
2025-01-08,2.2474
2025-01-09,2.2469
2025-01-10,2.2464
2025-01-13,2.2458
2025-01-14,2.2454
2025-01-15,2.2455
2025-01-16,2.2446
2025-01-17,2.2443
2025-01-20,2.244
2025-01-21,2.2441
2025-01-22,2.2446
2025-01-23,2.2442
2025-01-24,2.244
2025-01-27,2.2451
2025-02-05,2.2456
2025-02-06,2.2462
2025-02-07,2.2467
2025-02-10,2.2466
2025-02-11,2.2464
2025-02-12,2.2465
2025-02-13,2.2464
2025-02-14,2.2459
2025-02-17,2.2454
2025-02-18,2.2446
2025-02-19,2.2446
2025-02-20,2.2439
2025-02-21,2.243
2025-02-24,2.242
2025-02-25,2.2415
2025-02-26,2.2416
2025-02-27,2.2412
2025-02-28,2.2409
2025-03-03,2.2414
2025-03-04,2.2416
2025-03-05,2.2418
2025-03-06,2.2415
2025-03-07,2.2404
2025-03-10,2.2402
2025-03-11,2.2392
2025-03-12,2.2396
2025-03-13,2.2405
2025-03-14,2.241
2025-03-17,2.2406
2025-03-18,2.241
2025-03-19,2.2415
2025-03-20,2.2425
2025-03-21,2.2429
2025-03-24,2.2434
2025-03-25,2.2443
2025-03-26,2.2447
2025-03-27,2.2448
2025-03-28,2.245
2025-03-31,2.2453
2025-04-01,2.2454
2025-04-02,2.2458
2025-04-03,2.2468
2025-04-07,2.2484
2025-04-08,2.2482
2025-04-09,2.2482
2025-04-10,2.2481
2025-04-11,2.2483
2025-04-14,2.2484
2025-04-15,2.2484
2025-04-16,2.2485
2025-04-17,2.2485
2025-04-18,2.2484
2025-04-21,2.2485
2025-04-22,2.2485
2025-04-23,2.2481
2025-04-24,2.248
2025-04-25,2.2479
2025-04-28,2.2481
2025-04-29,2.2486
2025-04-30,2.249
2025-05-06,2.2494
2025-05-07,2.2496
2025-05-08,2.2504
2025-05-09,2.251
2025-05-12,2.2507
2025-05-13,2.2512
2025-05-14,2.2514
2025-05-15,2.2516
2025-05-16,2.2512
2025-05-19,2.2516
2025-05-20,2.2519
2025-05-21,2.2521
2025-05-22,2.2524
2025-05-23,2.2525
2025-05-26,2.2528
2025-05-27,2.2527
2025-05-28,2.2524
2025-05-29,2.2518
2025-05-30,2.2523
2025-06-03,2.2525
2025-06-04,2.2526
2025-06-05,2.2528
2025-06-06,2.2533
2025-06-09,2.2538
2025-06-10,2.254
2025-06-11,2.2542
2025-06-12,2.2544
2025-06-13,2.2545
2025-06-16,2.2547
2025-06-17,2.2551
2025-06-18,2.2554
2025-06-19,2.2557
2025-06-20,2.2559
2025-06-23,2.2561
2025-06-24,2.2557
2025-06-25,2.2552
2025-06-26,2.2552
2025-06-27,2.2555
2025-06-30,2.2554
2025-07-01,2.2561
2025-07-02,2.2572
2025-07-03,2.2576
2025-07-04,2.2581
2025-07-07,2.2585
2025-07-08,2.2582
2025-07-09,2.2581
2025-07-10,2.2574
2025-07-11,2.2573
2025-07-14,2.2567
2025-07-15,2.2577
2025-07-16,2.2579
2025-07-17,2.2582
2025-07-18,2.2583
2025-07-21,2.2576
2025-07-22,2.2569
2025-07-23,2.2556
2025-07-24,2.2534
2025-07-25,2.2531
2025-07-28,2.2545
2025-07-29,2.253
2025-07-30,2.254
2025-07-31,2.2554
2025-08-01,2.2557
2025-08-04,2.256
2025-08-05,2.2561
2025-08-06,2.2562
2025-08-07,2.2566
2025-08-08,2.2567
2025-08-11,2.2554
2025-08-12,2.2545
2025-08-13,2.2546
2025-08-14,2.2541
2025-08-15,2.2535
2025-08-18,2.2506
2025-08-19,2.2507
2025-08-20,2.2504
2025-08-21,2.2509
2025-08-22,2.2506
2025-08-25,2.2516
2025-08-26,2.2526
2025-08-27,2.2527
2025-08-28,2.2517
2025-08-29,2.2518
2025-09-01,2.2522
2025-09-02,2.2522
2025-09-03,2.2531
2025-09-04,2.2536
2025-09-05,2.2527
2025-09-08,2.2516
2025-09-09,2.2508
2025-09-10,2.2492
2025-09-11,2.2487
2025-09-12,2.2493
2025-09-15,2.2497
2025-09-16,2.2502
2025-09-17,2.2511
2025-09-18,2.2505
2025-09-19,2.2496
2025-09-22,2.2497
2025-09-23,2.2486
2025-09-24,2.2468
2025-09-25,2.2459
2025-09-26,2.2459
2025-09-29,2.2459
2025-09-30,2.2466
2025-10-09,2.2475
2025-10-10,2.2476
2025-10-13,2.2488
2025-10-14,2.249
2025-10-15,2.249
2025-10-16,2.2497
2025-10-17,2.2509
2025-10-20,2.2507
2025-10-21,2.2512
2025-10-22,2.2516
2025-10-23,2.2518
2025-10-24,2.2516
2025-10-27,2.2522
2025-10-28,2.2535
2025-10-29,2.254
2025-10-30,2.2547
2025-10-31,2.2558
2025-11-03,2.2563
2025-11-04,2.2564
2025-11-05,2.2569
2025-11-06,2.256
2025-11-07,2.2556
2025-11-10,2.2559
2025-11-11,2.256
2025-11-12,2.2565
2025-11-13,2.2563
2025-11-14,2.2564
2025-11-17,2.2568
2025-11-18,2.2569
2025-11-19,2.2566
2025-11-20,2.2567
2025-11-21,2.2564
2025-11-24,2.2563
2025-11-25,2.2556
2025-11-26,2.2543
2025-11-27,2.2537
2025-11-28,2.2543
2025-12-01,2.2544
2025-12-02,2.2539
2025-12-03,2.2532
2025-12-04,2.2515
2025-12-05,2.2519
2025-12-08,2.2516
2025-12-09,2.2524
2025-12-10,2.2529
2025-12-11,2.2538
2025-12-12,2.2534
2025-12-15,2.2527
2025-12-16,2.2528
2025-12-17,2.2535
2025-12-18,2.2539
2025-12-19,2.2546
2025-12-22,2.2546
2025-12-23,2.2551
2025-12-24,2.2552
2025-12-25,2.2551
2025-12-26,2.2552
2025-12-29,2.2543
2025-12-30,2.2543
2025-12-31,2.2544
2026-01-05,2.2548
2026-01-06,2.2541
2026-01-07,2.2536
2026-01-08,2.2541
2026-01-09,2.2544
2026-01-12,2.2551
2026-01-13,2.2554
2026-01-14,2.2556
2026-01-15,2.2559
2026-01-16,2.2563
2026-01-19,2.2566
2026-01-20,2.2572
2026-01-21,2.2578
2026-01-22,2.2578
2026-01-23,2.2583
2026-01-26,2.2586
2026-01-27,2.2583
2026-01-28,2.2583
2026-01-29,2.2583
2026-01-30,2.2583
2026-02-02,2.2582
2026-02-03,2.2581
2026-02-04,2.2582
2026-02-05,2.2587
2026-02-06,2.2593
2026-02-09,2.2601
2026-02-10,2.2605
2026-02-11,2.261
2026-02-12,2.2614
2026-02-13,2.2614
2026-02-24,2.2621
2026-02-25,2.2615
2026-02-26,2.2607
2026-02-27,2.261
2026-03-02,2.262
2026-03-03,2.2621
2026-03-04,2.2627
2026-03-05,2.2629
2026-03-06,2.2629
2026-03-09,2.2619
2026-03-10,2.262
2026-03-11,2.262
2026-03-12,2.2624
2026-03-13,2.2626
2026-03-16,2.262
2026-03-17,2.2624
2026-03-18,2.2631
2026-03-19,2.2634
2026-03-20,2.2637
2026-03-23,2.2634
2026-03-24,2.2641
2026-03-25,2.2645
2026-03-26,2.2647
2026-03-27,2.2653
2026-03-30,2.2663
2026-03-31,2.2664
2026-04-01,2.2661
2026-04-02,2.2663
2026-04-03,2.2672
2026-04-07,2.2683
2026-04-08,2.2685
2026-04-09,2.2685
2026-04-10,2.2687
2026-04-13,2.2694
2026-04-14,2.2698
2026-04-15,2.2701
2026-04-16,2.2702
2026-04-17,2.2711
2026-04-20,2.2714
2026-04-21,2.2721
2026-04-22,2.2726
2026-04-23,2.272
2026-04-24,2.2715
2026-04-27,2.2708
2026-04-28,2.2713
2026-04-29,2.2721
2026-04-30,2.2719
2026-05-06,2.2714
2026-05-07,2.2717
2026-05-08,2.272
2026-05-11,2.2725
2026-05-12,2.273
2026-05-13,2.2736
2026-05-14,2.2735
2026-05-15,2.2735
2026-05-18,2.274
2026-05-19,2.2749
2026-05-20,2.2752
2026-05-21,2.2752
2026-05-22,2.2751
2026-05-25,2.2755
2026-05-26,2.2763
2026-05-27,2.2773
2026-05-28,2.2777
2026-05-29,2.2781
2026-06-01,2.2788
2026-06-02,2.2788
2026-06-03,2.2785
2026-06-04,2.2789
2026-06-05,2.2782
2026-06-08,2.2774
2026-06-09,2.2766
2026-06-10,2.2757
2026-06-11,2.2747
2026-06-12,2.2749
2026-06-15,2.275
2026-06-16,2.2761
2026-06-17,2.2768
2026-06-18,2.2773
2026-06-22,2.2772
2026-06-23,2.2765
2026-06-24,2.2767
2026-06-25,2.2774
2026-06-26,2.2776
2026-06-29,2.2783
2026-06-30,2.2779
2026-07-01,2.2768
2026-07-02,2.277
2026-07-03,2.277
2026-07-06,2.2777
2026-07-07,2.2778
2026-07-08,2.2781
2026-07-09,2.2781
2026-07-10,2.2782
2026-07-13,2.278
2026-07-14,2.2781
2026-07-15,2.2783
2026-07-16,2.2782
2026-07-17,2.2784
2026-07-20,2.2783
2026-07-21,2.2785
2026-07-22,2.2791
2026-07-23,2.2791
2026-07-24,2.2792
2026-07-27,2.2792
2026-07-28,2.279
2026-07-29,2.2789
2026-07-30,2.2794
2026-07-31,2.2798
2026-08-03,2.2799
2026-08-04,2.2801
2026-08-05,2.28
2026-08-06,2.2802
2026-08-07,2.2806
2026-08-10,2.2812
2026-08-11,2.2809
2026-08-12,2.281
2026-08-13,2.2816
2026-08-14,2.2819
2026-08-17,2.2823
2026-08-18,2.283
2026-08-19,2.2825
2026-08-20,2.2822
2026-08-21,2.2819
2026-08-24,2.2824
2026-08-25,2.2823
2026-08-26,2.2821
2026-08-27,2.2814
2026-08-28,2.2814
