date,v
20050429,13.99
20050531,12.58
20050630,12.76
20050729,12.94
20050831,12.88
20050930,12.63
20051031,11.78
20051130,11.85
20051230,12.61
20060125,13.56
20060228,14.08
20060331,14.03
20060428,15.8
20060531,17.7
20060630,17.79
20060731,18.52
20060831,18.61
20060929,19.39
20061031,18.3
20061130,23.21
20061229,30.66
20070131,34.95
20070228,35.15
20070330,36.37
20070430,34.88
20070531,39.27
20070629,37.29
20070731,43.81
20070831,42.64
20070928,45.73
20071031,47.84
20071130,40.32
20071228,43.17
20080131,35.92
20080229,35.24
20080331,26.89
20080430,27.41
20080530,25.3
20080630,20.19
20080731,20.38
20080829,16.98
20080926,16.15
20081031,12.07
20081128,12.96
20081231,12.42
20090123,13.65
20090227,14.26
20090331,17.09
20090430,19.13
20090527,20.33
20090630,23.42
20090731,26.96
20090831,19.88
20090930,20.96
20091030,22.01
20091130,23.21
20091231,23.99
20100129,21.6
20100226,21.76
20100331,21.38
20100430,17.14
20100531,15.56
20100630,14.51
20100730,15.89
20100831,14.7
20100930,14.7
20101029,16.02
20101130,14.82
20101231,14.99
20110131,15.03
20110228,15.45
20110331,15.02
20110429,14.16
20110531,13.35
20110630,13.43
20110729,13.18
20110831,11.99
20110930,11.13
20111031,11.22
20111130,10.64
20111230,10.26
20120131,10.82
20120229,11.35
20120330,10.73
20120427,11.23
20120531,10.84
20120629,10.2
20120731,9.91
20120831,9.47
20120928,9.68
20121031,9.46
20121130,9.17
20121231,10.49
20130131,11.1
20130228,10.91
20130329,10.1
20130426,9.75
20130531,10.05
20130628,8.68
20130731,8.76
20130830,8.76
20130930,9.02
20131031,8.64
20131129,8.89
20131231,8.62
20140130,8.2
20140228,8.19
20140331,8.11
20140430,7.96
20140530,8.02
20140630,8.15
20140731,8.72
20140829,8.45
20140930,8.74
20141031,8.79
20141128,9.83
20141231,12.74
20150130,12.46
20150227,12.81
20150331,14.46
20150430,16.58
20150529,16.34
20150630,16.11
20150731,13.82
20150831,11.69
20150930,11.22
20151030,12.44
20151130,12.41
20151231,13.01
20160129,10.47
20160229,10.26
20160331,11.44
20160429,11.32
20160531,11.36
20160630,11.37
20160729,11.7
20160831,12.36
20160930,12.05
20161031,12.08
20161130,12.75
20161230,12.31
20170126,12.78
20170228,12.97
20170331,12.85
20170428,12.69
20170531,12.85
20170630,13.39
20170731,13.78
20170831,13.88
20170929,13.83
20171031,13.84
20171130,13.81
20171229,14.05
20180131,15.19
20180228,14.12
20180330,13.37
20180427,12.74
20180531,12.55
20180629,11.81
20180731,11.93
20180831,11.09
20180928,11.58
20181031,10.6
20181130,10.44
20181228,10.09
20190131,10.74
20190228,12.06
20190329,12.5
20190430,12.27
20190531,11.48
20190628,12.22
20190731,12.14
20190830,11.7
20190930,11.72
20191031,11.67
20191129,11.46
20191231,12.3
20200123,11.96
20200228,11.57
20200331,10.85
20200430,11.77
20200529,11.6
20200630,12.38
20200731,13.67
20200831,14.45
20200930,13.87
20201030,13.92
20201130,14.71
20201231,15.66
20210129,15.95
20210226,15.87
20210331,14.61
20210430,13.52
20210531,14.09
20210630,14.32
20210730,13.12
20210831,12.41
20210930,12.61
20211029,12.67
20211130,12.25
20211231,13.37
20220128,12.44
20220228,12.57
20220331,11.72
20220429,11.21
20220531,11.32
20220630,12.31
20220729,11.44
20220831,11.02
20220930,10.47
20221031,9.61
20221130,10.57
20221230,10.59
20230131,11.26
20230228,11.17
20230331,11.27
20230428,11.47
20230531,10.93
20230630,10.97
20230731,11.36
20230831,10.99
20230928,10.87
20231031,10.64
20231130,10.48
20231229,10.38
20240131,10.16
20240229,10.91
20240329,11.21
20240430,11.63
20240531,11.57
20240628,11.48
20240731,11.32
20240830,10.86
20240930,12.65
20241031,11.65
20241129,11.75
20241231,12.19
20250127,11.74
20250228,11.82
20250331,11.78
20250430,11.49
20250530,11.73
20250630,12.34
20250731,12.44
20250829,13.23
20250930,13.32
20251031,13.19
20251128,13.04
20251231,13.34
20260130,13.37
20260227,13.33
20260331,13.3
20260430,13.85
20260529,13.8
20260630,13.77
20260731,13.68
20260828,13.09
20260831,13.04
20260901,13.06
20260902,12.93
20260903,12.91
20260904,12.91
20260907,12.87
20260908,12.85
20260909,12.9
20260910,12.88
20260911,12.8
20260914,12.75
20260915,12.65
20260916,12.67
20260921,12.77
20260922,12.79
20260923,12.71
20260924,12.59
20260928,12.44
20260929,12.44
20260930,12.48
