date,nav
20091231,446.3
20100104,445.49
20100105,446.46
20100106,445.93
20100107,443.37
20100108,443.35
20100111,443.76
20100112,446.18
20100113,443.47
20100114,446.36
20100115,447.43
20100118,448.78
20100119,448.67
20100120,444.26
20100121,444.47
20100122,441.45
20100125,439.56
20100126,435.9
20100127,435.06
20100128,436.05
20100129,436.52
20100201,435.5
20100202,435.0
20100203,436.45
20100204,436.46
20100205,434.54
20100208,434.27
20100209,434.56
20100210,436.43
20100211,436.71
20100212,438.1
20100222,437.5
20100223,437.17
20100224,439.48
20100225,441.16
20100226,441.25
20100301,442.32
20100302,442.42
20100303,443.39
20100304,440.28
20100305,440.77
20100308,441.75
20100309,441.94
20100310,441.09
20100311,440.88
20100312,439.55
20100315,438.11
20100316,438.74
20100317,441.7
20100318,441.49
20100319,442.32
20100322,442.93
20100323,442.67
20100324,443.37
20100325,442.44
20100326,444.17
20100329,446.27
20100330,446.85
20100331,447.15
20100401,449.22
20100402,449.71
20100406,449.63
20100407,449.65
20100408,448.62
20100409,450.46
20100412,450.76
20100413,450.99
20100414,451.57
20100415,450.13
20100416,449.85
20100419,444.93
20100420,445.5
20100421,449.51
20100422,449.46
20100423,449.01
20100426,448.62
20100427,445.92
20100428,445.15
20100429,442.75
20100430,442.23
20100504,441.39
20100505,443.17
20100506,440.36
20100507,439.04
20100510,438.11
20100511,436.64
20100512,435.71
20100513,437.79
20100514,437.99
20100517,434.27
20100518,435.44
20100519,436.23
20100520,435.25
20100521,436.72
20100524,439.29
20100525,438.33
20100526,438.0
20100527,439.55
20100528,439.58
20100531,437.35
20100601,436.0
20100602,436.76
20100603,436.66
20100604,437.09
20100607,437.41
20100608,437.94
20100609,439.42
20100610,439.63
20100611,439.64
20100617,438.33
20100618,435.17
20100621,437.16
20100622,437.49
20100623,437.26
20100624,437.49
20100625,436.67
20100628,435.94
20100629,432.84
20100630,432.46
20100701,431.6
20100702,431.22
20100705,431.15
20100706,432.84
20100707,433.74
20100708,433.76
20100709,435.75
20100712,436.15
20100713,435.53
20100714,435.86
20100715,434.73
20100716,435.28
20100719,436.93
20100720,438.63
20100721,439.0
20100722,439.95
20100723,440.19
20100726,440.75
20100727,440.58
20100728,442.25
20100729,442.56
20100730,442.39
20100802,443.98
20100803,442.79
20100804,443.46
20100805,443.38
20100806,445.14
20100809,446.1
20100810,444.19
20100811,444.79
20100812,444.43
20100813,445.68
20100816,448.67
20100817,449.5
20100818,449.87
20100819,450.16
20100820,449.25
20100823,449.71
20100824,450.3
20100825,448.95
20100826,449.32
20100827,450.23
20100830,452.42
20100831,453.1
20100901,452.18
20100902,454.37
20100903,455.13
20100906,455.3
20100907,455.69
20100908,456.3
20100909,454.98
20100910,455.41
20100913,456.64
20100914,456.53
20100915,454.59
20100916,452.6
20100917,452.88
20100920,452.25
20100921,452.3
20100927,454.25
20100928,454.0
20100929,453.12
20100930,455.54
20101008,459.2
20101011,460.84
20101012,461.32
20101013,461.58
20101014,461.23
20101015,463.3
20101018,461.65
20101019,464.38
20101020,463.93
20101021,462.98
20101022,464.2
20101025,468.42
20101026,468.91
20101027,467.18
20101028,467.21
20101029,468.23
20101101,472.2
20101102,471.12
20101103,468.53
20101104,470.76
20101105,473.09
20101108,474.74
20101109,474.62
20101110,474.32
20101111,474.35
20101112,466.4
20101115,468.77
20101116,464.17
20101117,460.58
20101118,462.03
20101119,464.96
20101122,464.97
20101123,463.77
20101124,465.44
20101125,466.19
20101126,466.11
20101129,466.36
20101130,463.96
20101201,463.85
20101202,464.45
20101203,463.91
20101206,462.78
20101207,465.09
20101208,464.49
20101209,462.99
20101210,464.29
20101213,467.86
20101214,468.83
20101215,468.48
20101216,468.48
20101217,468.85
20101220,467.83
20101221,468.99
20101222,467.94
20101223,465.76
20101224,463.45
20101227,460.8
20101228,459.45
20101229,460.95
20101230,462.1
20101231,464.98
20110104,467.29
20110105,467.22
20110106,466.55
20110107,466.19
20110110,463.94
20110111,463.24
20110112,463.38
20110113,463.27
20110114,460.9
20110117,456.94
20110118,456.84
20110119,458.99
20110120,455.85
20110121,455.75
20110124,453.54
20110125,453.21
20110126,454.43
20110127,455.72
20110128,456.46
20110131,457.78
20110201,458.26
20110209,456.88
20110210,458.84
20110211,459.45
20110214,461.9
20110215,461.86
20110216,463.03
20110217,463.32
20110218,461.77
20110221,463.1
20110222,460.73
20110223,461.29
20110224,461.97
20110225,461.76
20110228,463.02
20110301,463.02
20110302,462.89
20110303,461.58
20110304,462.6
20110307,464.2
20110308,464.31
20110309,465.03
20110310,464.15
20110311,463.58
20110314,464.12
20110315,462.78
20110316,464.15
20110317,462.84
20110318,463.46
20110321,462.66
20110322,463.03
20110323,464.02
20110324,464.1
20110325,465.25
20110328,464.71
20110329,463.42
20110330,462.81
20110331,462.09
20110401,463.14
20110406,462.92
20110407,463.28
20110408,464.81
20110411,464.69
20110412,464.54
20110413,465.93
20110414,466.0
20110415,465.99
20110418,466.51
20110419,464.8
20110420,465.01
20110421,465.86
20110422,465.67
20110425,463.75
20110426,462.77
20110427,462.21
20110428,459.97
20110429,461.33
20110503,462.27
20110504,460.21
20110505,460.58
20110506,460.79
20110509,461.16
20110510,461.9
20110511,462.09
20110512,461.35
20110513,461.57
20110516,461.23
20110517,461.07
20110518,461.74
20110519,461.45
20110520,461.29
20110523,458.64
20110524,458.67
20110525,457.61
20110526,457.12
20110527,456.68
20110530,456.29
20110531,457.39
20110601,457.94
20110602,456.7
20110603,457.52
20110607,457.74
20110608,457.55
20110609,455.63
20110610,455.62
20110613,455.48
20110614,456.22
20110615,455.03
20110616,453.57
20110617,453.14
20110620,452.49
20110621,453.3
20110622,453.11
20110623,454.35
20110624,456.02
20110627,456.52
20110628,456.26
20110629,455.1
20110630,456.17
20110701,456.67
20110704,458.37
20110705,458.35
20110706,458.18
20110707,458.0
20110708,458.07
20110711,458.32
20110712,457.5
20110713,458.38
20110714,458.47
20110715,459.48
20110718,459.05
20110719,457.61
20110720,456.55
20110721,455.18
20110722,455.62
20110725,453.28
20110726,453.41
20110727,454.28
20110728,453.8
20110729,453.02
20110801,452.65
20110802,451.87
20110803,451.46
20110804,451.84
20110805,451.26
20110808,449.29
20110809,449.74
20110810,450.98
20110811,453.31
20110812,453.95
20110815,455.03
20110816,454.57
20110817,454.12
20110818,452.47
20110819,451.59
20110822,450.78
20110823,451.89
20110824,451.9
20110825,453.36
20110826,453.4
20110829,449.02
20110830,447.61
20110831,447.37
20110901,446.64
20110902,444.19
20110905,440.97
20110906,439.99
20110907,442.07
20110908,441.52
20110909,441.15
20110913,440.06
20110914,440.72
20110915,440.68
20110916,440.41
20110919,438.8
20110920,438.88
20110921,440.4
20110922,437.81
20110923,436.48
20110926,434.59
20110927,434.76
20110928,433.63
20110929,431.14
20110930,432.46
20111010,432.74
20111011,432.46
20111012,435.37
20111013,437.23
20111014,437.8
20111017,439.45
20111018,437.85
20111019,438.03
20111020,437.24
20111021,438.43
20111024,440.12
20111025,441.61
20111026,442.69
20111027,441.88
20111028,443.91
20111031,445.08
20111101,446.13
20111102,448.01
20111103,448.28
20111104,449.07
20111107,448.97
20111108,448.8
20111109,450.14
20111110,449.92
20111111,449.78
20111114,451.27
20111115,451.46
20111116,449.18
20111117,448.67
20111118,446.7
20111121,446.63
20111122,446.77
20111123,446.86
20111124,446.96
20111125,446.93
20111128,446.84
20111129,447.44
20111130,445.03
20111201,447.51
20111202,446.43
20111205,444.95
20111206,444.8
20111207,445.16
20111208,445.29
20111209,444.66
20111212,444.33
20111213,442.81
20111214,442.22
20111215,441.28
20111216,443.26
20111219,443.21
20111220,443.14
20111221,441.87
20111222,441.44
20111223,441.56
20111226,440.7
20111227,439.44
20111228,439.45
20111229,439.88
20111230,441.84
20120104,440.89
20120105,439.9
20120106,440.51
20120109,442.88
20120110,445.57
20120111,444.77
20120112,444.71
20120113,442.74
20120116,441.17
20120117,443.84
20120118,442.28
20120119,443.82
20120120,445.46
20120130,444.88
20120131,445.03
20120201,444.73
20120202,445.96
20120203,446.54
20120206,446.65
20120207,445.16
20120208,446.57
20120209,446.6
20120210,446.74
20120213,446.78
20120214,446.8
20120215,447.52
20120216,447.37
20120217,447.27
20120220,448.04
20120221,448.38
20120222,449.31
20120223,449.39
20120224,450.22
20120227,450.7
20120228,450.79
20120229,449.93
20120301,449.92
20120302,451.38
20120305,451.04
20120306,450.46
20120307,450.15
20120308,451.4
20120309,453.23
20120312,453.63
20120313,454.48
20120314,452.27
20120315,452.23
20120316,454.0
20120319,454.27
20120320,452.98
20120321,452.51
20120322,452.51
20120323,452.06
20120326,452.24
20120327,451.85
20120328,449.89
20120329,449.4
20120330,449.82
20120405,451.43
20120406,451.84
20120409,451.35
20120410,451.85
20120411,452.29
20120412,453.99
20120413,454.67
20120416,454.83
20120417,453.93
20120418,455.76
20120419,455.77
20120420,456.65
20120423,455.99
20120424,455.82
20120425,456.39
20120426,456.82
20120427,457.48
20120502,459.12
20120503,459.75
20120504,460.5
20120507,460.55
20120508,460.2
20120509,458.96
20120510,459.38
20120511,459.41
20120514,459.68
20120515,460.31
20120516,459.87
20120517,461.13
20120518,460.55
20120521,461.2
20120522,462.91
20120523,463.24
20120524,463.17
20120525,462.91
20120528,464.46
20120529,465.52
20120530,466.14
20120531,466.07
20120601,466.23
20120604,464.24
20120605,464.67
20120606,464.66
20120607,465.09
20120608,465.84
20120611,467.22
20120612,467.31
20120613,469.08
20120614,468.45
20120615,468.87
20120618,469.6
20120619,468.43
20120620,467.87
20120621,466.91
20120625,465.43
20120626,465.1
20120627,465.72
20120628,465.08
20120629,466.41
20120702,467.06
20120703,467.4
20120704,467.7
20120705,466.88
20120706,468.94
20120709,467.96
20120710,467.14
20120711,468.11
20120712,468.76
20120713,469.08
20120716,467.63
20120717,467.29
20120718,466.99
20120719,467.42
20120720,466.99
20120723,465.93
20120724,466.01
20120725,465.7
20120726,464.64
20120727,464.51
20120730,463.67
20120731,463.04
20120801,464.07
20120802,463.43
20120803,463.89
20120806,464.85
20120807,464.93
20120808,465.3
20120809,466.42
20120810,466.29
20120813,465.14
20120814,465.17
20120815,464.44
20120816,463.91
20120817,463.53
20120820,462.94
20120821,463.5
20120822,462.55
20120823,462.05
20120824,461.52
20120827,459.76
20120828,460.0
20120829,459.15
20120830,458.57
20120831,458.74
20120903,459.76
20120904,459.32
20120905,458.68
20120906,458.48
20120907,461.2
20120910,461.22
20120911,460.32
20120912,460.11
20120913,459.37
20120914,459.28
20120917,457.11
20120918,456.54
20120919,456.19
20120920,455.2
20120921,455.2
20120924,455.32
20120925,455.49
20120926,455.2
20120927,457.09
20120928,458.83
20121008,458.3
20121009,460.28
20121010,460.95
20121011,460.37
20121012,460.54
20121015,460.21
20121016,460.45
20121017,460.88
20121018,462.49
20121019,462.63
20121022,462.84
20121023,461.38
20121024,460.81
20121025,460.01
20121026,458.5
20121029,458.1
20121030,458.44
20121031,458.85
20121101,460.42
20121102,461.0
20121105,460.22
20121106,459.44
20121107,459.55
20121108,458.27
20121109,458.24
20121112,458.6
20121113,457.35
20121114,457.67
20121115,456.98
20121116,456.64
20121119,456.58
20121120,456.41
20121121,456.84
20121122,456.29
20121123,457.09
20121126,456.91
20121127,455.92
20121128,454.8
20121129,454.53
20121130,455.42
20121203,454.42
20121204,454.98
20121205,457.26
20121206,457.45
20121207,459.63
20121210,461.28
20121211,460.59
20121212,460.79
20121213,459.88
20121214,464.13
20121217,465.03
20121218,464.82
20121219,464.98
20121220,465.44
20121221,465.35
20121224,465.23
20121225,468.17
20121226,469.08
20121227,468.84
20121228,470.03
20121231,471.73
20130104,472.45
20130107,473.18
20130108,473.47
20130109,474.18
20130110,475.8
20130111,474.43
20130114,479.95
20130115,482.36
20130116,482.84
20130117,482.25
20130118,484.69
20130121,485.71
20130122,484.07
20130123,484.04
20130124,482.4
20130125,481.34
20130128,485.04
20130129,486.05
20130130,486.87
20130131,488.89
20130201,490.78
20130204,490.13
20130205,490.69
20130206,491.49
20130207,492.29
20130208,494.57
20130218,494.44
20130219,492.09
20130220,494.45
20130221,491.03
20130222,489.98
20130225,490.72
20130226,489.34
20130227,489.46
20130228,492.77
20130301,493.57
20130304,488.88
20130305,491.06
20130306,493.86
20130307,492.91
20130308,492.49
20130311,492.05
20130312,490.8
20130313,489.56
20130314,489.87
20130315,490.24
20130318,488.78
20130319,488.9
20130320,492.27
20130321,494.12
20130322,496.04
20130325,496.74
20130326,495.44
20130327,495.63
20130328,492.05
20130329,492.12
20130401,492.41
20130402,490.56
20130403,490.02
20130408,490.61
20130409,491.97
20130410,492.06
20130411,492.55
20130412,492.28
20130415,489.99
20130416,490.75
20130417,490.99
20130418,490.61
20130419,493.19
20130422,492.06
20130423,487.88
20130424,490.21
20130425,489.5
20130426,488.79
20130502,488.78
20130503,491.07
20130506,493.41
20130507,494.4
20130508,495.72
20130509,495.25
20130510,495.59
20130513,495.95
20130514,494.3
20130515,495.65
20130516,498.04
20130517,501.52
20130520,503.15
20130521,502.97
20130522,500.9
20130523,499.98
20130524,501.19
20130527,502.11
20130528,504.23
20130529,505.08
20130530,504.61
20130531,503.8
20130603,503.18
20130604,500.78
20130605,501.01
20130606,499.06
20130607,497.26
20130613,493.32
20130614,494.5
20130617,494.69
20130618,495.14
20130619,493.11
20130620,485.27
20130621,485.66
20130624,477.91
20130625,479.74
20130626,483.05
20130627,483.05
20130628,484.49
20130701,488.03
20130702,489.46
20130703,488.94
20130704,489.48
20130705,489.89
20130708,486.55
20130709,486.69
20130710,489.14
20130711,492.12
20130712,490.56
20130715,492.6
20130716,492.62
20130717,490.15
20130718,488.17
20130719,485.83
20130722,486.41
20130723,489.09
20130724,488.85
20130725,487.22
20130726,487.25
20130729,484.89
20130730,484.43
20130731,485.17
20130801,488.77
20130802,489.63
20130805,491.33
20130806,492.66
20130807,491.27
20130808,491.08
20130809,490.9
20130812,493.1
20130813,493.4
20130814,492.42
20130815,490.51
20130816,488.48
20130819,490.64
20130820,489.93
20130821,489.13
20130822,489.15
20130823,489.03
20130826,491.32
20130827,491.95
20130828,490.99
20130829,490.55
20130830,489.84
20130902,490.29
20130903,492.52
20130904,492.18
20130905,492.22
20130906,492.77
20130909,496.09
20130910,497.93
20130911,499.42
20130912,500.74
20130913,499.22
20130916,498.28
20130917,495.91
20130918,496.94
20130923,499.01
20130924,498.38
20130925,497.65
20130926,495.22
20130927,495.41
20130930,496.24
20131008,498.56
20131009,499.67
20131010,498.74
20131011,499.75
20131014,500.41
20131015,499.78
20131016,497.54
20131017,496.9
20131018,497.23
20131021,499.34
20131022,497.96
20131023,496.31
20131024,494.92
20131025,492.8
20131028,492.15
20131029,491.36
20131030,493.06
20131031,491.79
20131101,492.26
20131104,492.21
20131105,492.47
20131106,491.14
20131107,490.14
20131108,488.62
20131111,488.47
20131112,489.07
20131113,486.6
20131114,486.83
20131115,487.07
20131118,489.38
20131119,488.79
20131120,488.94
20131121,488.52
20131122,488.28
20131125,487.78
20131126,487.25
20131127,487.99
20131128,488.89
20131129,489.7
20131202,487.02
20131203,488.55
20131204,490.09
20131205,489.37
20131206,488.58
20131209,489.07
20131210,488.86
20131211,487.53
20131212,487.6
20131213,488.04
20131216,486.1
20131217,485.35
20131218,484.63
20131219,482.58
20131220,481.13
20131223,481.43
20131224,482.08
20131225,483.39
20131226,482.16
20131227,483.23
20131230,483.35
20131231,484.07
20140102,484.61
20140103,483.88
20140106,481.5
20140107,481.48
20140108,481.67
20140109,480.97
20140110,479.58
20140113,478.85
20140114,479.91
20140115,480.5
20140116,480.63
20140117,479.48
20140120,477.65
20140121,479.16
20140122,482.01
20140123,483.0
20140124,484.48
20140127,484.67
20140128,485.43
20140129,487.54
20140130,487.37
20140207,488.66
20140210,492.26
20140211,491.95
20140212,492.81
20140213,492.48
20140214,494.61
20140217,496.43
20140218,495.77
20140219,495.99
20140220,496.42
20140221,496.46
20140224,496.08
20140225,494.67
20140226,495.13
20140227,495.83
20140228,495.77
20140303,497.17
20140304,496.33
20140305,494.94
20140306,494.88
20140307,495.22
20140310,492.74
20140311,492.72
20140312,492.13
20140313,493.39
20140314,493.4
20140317,494.71
20140318,495.02
20140319,493.93
20140320,492.18
20140321,493.87
20140324,493.88
20140325,493.9
20140326,493.93
20140327,492.96
20140328,491.44
20140331,491.25
20140401,492.39
20140402,492.49
20140403,492.08
20140404,493.18
20140408,495.17
20140409,495.76
20140410,497.18
20140411,497.26
20140414,498.06
20140415,497.06
20140416,497.19
20140417,497.46
20140418,497.89
20140421,496.77
20140422,496.7
20140423,496.5
20140424,496.29
20140425,495.2
20140428,493.14
20140429,493.93
20140430,494.73
20140505,495.49
20140506,496.45
20140507,495.71
20140508,496.22
20140509,496.54
20140512,498.44
20140513,498.42
20140514,498.22
20140515,496.88
20140516,496.67
20140519,495.76
20140520,495.76
20140521,496.85
20140522,497.32
20140523,498.46
20140526,499.18
20140527,499.33
20140528,500.6
20140529,500.61
20140530,501.0
20140603,502.06
20140604,501.84
20140605,503.06
20140606,503.26
20140609,503.31
20140610,505.36
20140611,505.92
20140612,506.07
20140613,508.02
20140616,509.23
20140617,507.42
20140618,506.04
20140619,504.5
20140620,505.68
20140623,506.37
20140624,507.23
20140625,506.96
20140626,508.4
20140627,509.01
20140630,509.85
20140701,509.16
20140702,509.58
20140703,510.4
20140704,509.79
20140707,510.0
20140708,510.46
20140709,508.87
20140710,508.6
20140711,509.47
20140714,511.08
20140715,511.0
20140716,510.22
20140717,509.14
20140718,509.44
20140721,509.34
20140722,511.36
20140723,511.23
20140724,511.87
20140725,512.71
20140728,514.99
20140729,515.99
20140730,515.99
20140731,517.4
20140801,517.87
20140804,519.98
20140805,519.77
20140806,519.88
20140807,518.49
20140808,518.96
20140811,520.98
20140812,521.33
20140813,521.15
20140814,520.52
20140815,521.91
20140818,523.22
20140819,523.55
20140820,523.39
20140821,522.73
20140822,523.66
20140825,523.08
20140826,521.7
20140827,522.27
20140828,521.93
20140829,523.44
20140901,525.83
20140902,527.9
20140903,529.6
20140904,530.76
20140905,532.02
20140909,531.88
20140910,531.65
20140911,531.4
20140912,533.05
20140915,533.49
20140916,529.58
20140917,530.14
20140918,531.53
20140919,533.34
20140922,530.98
20140923,532.58
20140924,535.5
20140925,535.72
20140926,535.72
20140929,537.36
20140930,538.61
20141008,539.94
20141009,540.54
20141010,539.39
20141013,539.28
20141014,539.3
20141015,540.74
20141016,540.36
20141017,540.13
20141020,542.43
20141021,542.43
20141022,542.43
20141023,541.9
20141024,542.05
20141027,541.87
20141028,545.24
20141029,548.08
20141030,549.35
20141031,551.09
20141103,552.5
20141104,553.69
20141105,554.05
20141106,555.5
20141107,556.48
20141110,560.65
20141111,558.48
20141112,560.39
20141113,559.25
20141114,557.54
20141117,556.8
20141118,555.21
20141119,555.61
20141120,556.06
20141121,558.64
20141124,563.53
20141125,565.16
20141126,567.19
20141127,568.73
20141128,570.54
20141201,569.28
20141202,575.2
20141203,576.08
20141204,583.33
20141205,582.35
20141208,588.09
20141209,572.78
20141210,578.94
20141211,577.24
20141212,578.1
20141215,579.59
20141216,584.93
20141217,586.37
20141218,587.02
20141219,588.7
20141222,588.32
20141223,584.12
20141224,582.56
20141225,588.09
20141226,594.18
20141229,596.01
20141230,595.13
20141231,600.06
20150105,608.42
20150106,610.33
20150107,613.8
20150108,609.65
20150109,609.68
20150112,605.84
20150113,608.43
20150114,608.74
20150115,613.72
20150116,616.88
20150119,603.55
20150120,609.05
20150121,617.78
20150122,620.51
20150123,619.94
20150126,620.91
20150127,619.11
20150128,615.42
20150129,612.83
20150130,610.03
20150202,605.61
20150203,609.59
20150204,608.98
20150205,608.22
20150206,604.32
20150209,604.73
20150210,607.96
20150211,609.96
20150212,611.12
20150213,614.42
20150216,617.89
20150217,619.03
20150225,616.92
20150226,619.54
20150227,620.44
20150302,623.23
20150303,621.09
20150304,622.58
20150305,622.07
20150306,619.58
20150309,622.26
20150310,623.59
20150311,623.46
20150312,624.15
20150313,625.67
20150316,631.67
20150317,634.32
20150318,637.32
20150319,637.75
20150320,640.53
20150323,645.45
20150324,646.09
20150325,646.27
20150326,642.66
20150327,643.4
20150330,645.93
20150331,645.05
20150401,649.07
20150402,652.68
20150403,656.06
20150407,658.82
20150408,655.98
20150409,652.44
20150410,656.76
20150413,659.99
20150414,659.17
20150415,653.53
20150416,657.1
20150417,659.96
20150420,656.77
20150421,662.91
20150422,669.41
20150423,670.24
20150424,669.16
20150427,671.75
20150428,667.75
20150429,671.01
20150430,672.27
20150504,673.98
20150505,667.06
20150506,665.65
20150507,664.2
20150508,669.79
20150511,677.43
20150512,682.38
20150513,682.27
20150514,683.95
20150515,682.84
20150518,685.76
20150519,690.24
20150520,693.81
20150521,700.42
20150522,702.91
20150525,708.46
20150526,715.77
20150527,716.76
20150528,704.61
20150529,707.23
20150601,719.38
20150602,724.39
20150603,723.96
20150604,723.6
20150605,724.71
20150608,723.26
20150609,722.36
20150610,723.47
20150611,725.01
20150612,726.92
20150615,723.28
20150616,715.78
20150617,718.04
20150618,711.21
20150619,700.3
20150623,701.56
20150624,704.99
20150625,697.51
20150626,682.65
20150629,674.54
20150630,685.19
20150701,676.26
20150702,668.02
20150703,663.76
20150706,663.97
20150707,655.31
20150708,647.64
20150709,656.23
20150710,663.81
20150713,669.41
20150714,670.21
20150715,662.7
20150716,664.76
20150717,673.12
20150720,676.89
20150721,679.47
20150722,680.75
20150723,686.32
20150724,683.06
20150727,670.87
20150728,668.94
20150729,674.54
20150730,670.49
20150731,668.5
20150803,665.14
20150804,671.93
20150805,670.83
20150806,670.61
20150807,675.74
20150810,683.33
20150811,681.72
20150812,678.82
20150813,681.95
20150814,682.21
20150817,682.71
20150818,673.23
20150819,675.52
20150820,671.71
20150821,666.19
20150824,656.43
20150825,650.45
20150826,649.41
20150827,653.53
20150828,658.55
20150831,656.07
20150901,651.83
20150902,650.46
20150907,650.93
20150908,655.07
20150909,658.16
20150910,656.26
20150911,656.89
20150914,651.96
20150915,648.26
20150916,653.58
20150917,652.48
20150918,653.73
20150921,657.63
20150922,658.04
20150923,657.06
20150924,658.06
20150925,655.08
20150928,657.35
20150929,655.98
20150930,656.59
20151008,660.51
20151009,662.16
20151012,666.65
20151013,668.15
20151014,667.23
20151015,670.52
20151016,672.17
20151019,671.77
20151020,674.05
20151021,669.12
20151022,672.03
20151023,674.53
20151026,676.0
20151027,677.04
20151028,675.33
20151029,675.64
20151030,676.16
20151102,674.43
20151103,674.47
20151104,679.11
20151105,679.63
20151106,683.13
20151109,683.55
20151110,683.99
20151111,685.73
20151112,685.71
20151113,682.96
20151116,684.84
20151117,683.73
20151118,681.49
20151119,684.9
20151120,686.54
20151123,685.88
20151124,686.84
20151125,688.98
20151126,688.43
20151127,682.56
20151130,683.64
20151201,683.75
20151202,684.04
20151203,686.23
20151204,685.47
20151207,687.87
20151208,686.3
20151209,685.88
20151210,685.77
20151211,685.0
20151214,687.01
20151215,687.95
20151216,688.76
20151217,691.29
20151218,691.06
20151221,692.89
20151222,693.78
20151223,692.98
20151224,693.32
20151225,694.13
20151228,691.68
20151229,692.71
20151230,693.55
20151231,692.35
20160104,684.65
20160105,682.79
20160106,684.56
20160107,678.17
20160108,679.24
20160111,674.43
20160112,675.53
20160113,673.69
20160114,676.89
20160115,674.44
20160118,675.0
20160119,675.83
20160120,673.19
20160121,669.93
20160122,671.33
20160125,672.5
20160126,666.35
20160127,665.11
20160128,662.43
20160129,665.43
20160201,664.57
20160202,667.09
20160203,667.42
20160204,669.67
20160205,669.1
20160215,669.81
20160216,673.36
20160217,674.66
20160218,674.8
20160219,675.04
20160222,676.75
20160223,676.13
20160224,675.71
20160225,668.98
20160226,668.98
20160229,664.89
20160301,666.57
20160302,670.53
20160303,670.47
20160304,668.47
20160307,670.05
20160308,670.6
20160309,669.2
20160310,667.97
20160311,668.11
20160314,670.73
20160315,670.42
20160316,669.92
20160317,672.95
20160318,676.38
20160321,678.31
20160322,677.83
20160323,678.6
20160324,677.7
20160325,678.19
20160328,676.96
20160329,675.16
20160330,677.95
20160331,678.27
20160401,678.18
20160405,680.61
20160406,680.85
20160407,679.35
20160408,678.36
20160411,680.3
20160412,679.39
20160413,680.33
20160414,680.41
20160415,679.89
20160418,678.85
20160419,679.02
20160420,675.19
20160421,673.84
20160422,673.7
20160425,672.37
20160426,672.43
20160427,672.51
20160428,672.19
20160429,672.33
20160503,674.89
20160504,675.15
20160505,675.63
20160506,673.33
20160509,671.35
20160510,671.74
20160511,671.85
20160512,671.83
20160513,671.72
20160516,672.98
20160517,672.96
20160518,670.88
20160519,670.9
20160520,671.7
20160523,672.81
20160524,672.55
20160525,672.19
20160526,672.25
20160527,672.29
20160530,672.1
20160531,675.08
20160601,675.51
20160602,676.21
20160603,676.86
20160606,677.28
20160607,677.23
20160608,677.04
20160613,674.02
20160614,674.21
20160615,676.45
20160616,676.35
20160617,677.11
20160620,677.7
20160621,677.08
20160622,678.36
20160623,678.38
20160624,678.0
20160627,680.14
20160628,680.89
20160629,681.23
20160630,681.36
20160701,681.69
20160704,683.78
20160705,684.25
20160706,684.91
20160707,685.02
20160708,684.79
20160711,684.47
20160712,685.81
20160713,686.6
20160714,686.78
20160715,686.69
20160718,686.49
20160719,686.53
20160720,686.7
20160721,687.3
20160722,686.48
20160725,686.5
20160726,687.77
20160727,685.14
20160728,685.32
20160729,684.87
20160801,683.94
20160802,684.71
20160803,685.23
20160804,685.62
20160805,685.67
20160808,686.68
20160809,687.53
20160810,687.55
20160811,686.81
20160812,688.0
20160815,690.43
20160816,690.64
20160817,690.69
20160818,690.86
20160819,691.04
20160822,690.14
20160823,690.13
20160824,690.0
20160825,689.66
20160826,690.11
20160829,690.19
20160830,690.0
20160831,690.19
20160901,689.59
20160902,689.41
20160905,689.75
20160906,691.04
20160907,691.1
20160908,691.36
20160909,690.88
20160912,688.75
20160913,689.14
20160914,688.71
20160919,689.56
20160920,689.55
20160921,689.77
20160922,690.49
20160923,690.47
20160926,689.0
20160927,689.53
20160928,689.53
20160929,690.06
20160930,690.56
20161010,692.51
20161011,693.1
20161012,692.96
20161013,693.16
20161014,693.35
20161017,692.79
20161018,694.06
20161019,694.09
20161020,694.5
20161021,694.66
20161024,695.43
20161025,695.46
20161026,694.79
20161027,694.52
20161028,694.34
20161031,694.21
20161101,694.89
20161102,694.52
20161103,695.11
20161104,695.17
20161107,695.29
20161108,695.78
20161109,695.2
20161110,696.14
20161111,696.28
20161114,696.49
20161115,696.29
20161116,696.15
20161117,695.78
20161118,695.29
20161121,695.83
20161122,696.62
20161123,696.61
20161124,696.62
20161125,697.17
20161128,697.47
20161129,696.89
20161130,695.62
20161201,695.62
20161202,694.18
20161205,693.01
20161206,692.1
20161207,692.78
20161208,692.77
20161209,692.91
20161212,689.21
20161213,688.52
20161214,687.18
20161215,684.26
20161216,684.72
20161219,683.89
20161220,682.62
20161221,683.98
20161222,684.8
20161223,684.73
20161226,685.31
20161227,685.52
20161228,685.25
20161229,685.53
20161230,686.41
20170103,687.62
20170104,688.69
20170105,688.8
20170106,688.39
20170109,689.16
20170110,689.24
20170111,688.64
20170112,688.17
20170113,687.65
20170116,686.46
20170117,686.82
20170118,686.52
20170119,686.06
20170120,687.29
20170123,688.18
20170124,688.08
20170125,688.29
20170126,688.93
20170203,688.13
20170206,688.33
20170207,687.66
20170208,688.11
20170209,688.64
20170210,689.01
20170213,689.92
20170214,689.99
20170215,689.45
20170216,690.0
20170217,689.49
20170220,691.11
20170221,691.64
20170222,692.09
20170223,691.93
20170224,692.22
20170227,691.41
20170228,691.63
20170301,691.83
20170302,691.32
20170303,691.39
20170306,692.19
20170307,692.44
20170308,692.1
20170309,691.37
20170310,691.31
20170313,692.23
20170314,692.12
20170315,692.28
20170316,693.04
20170317,691.94
20170320,692.22
20170321,692.62
20170322,692.35
20170323,692.72
20170324,693.64
20170327,693.5
20170328,693.31
20170329,693.1
20170330,691.7
20170331,692.4
20170405,694.38
20170406,694.8
20170407,695.29
20170410,695.02
20170411,695.66
20170412,695.32
20170413,695.81
20170414,694.59
20170417,693.7
20170418,693.29
20170419,692.52
20170420,693.06
20170421,692.81
20170424,690.92
20170425,691.42
20170426,691.65
20170427,692.13
20170428,692.17
20170502,691.87
20170503,691.52
20170504,691.07
20170505,690.08
20170508,688.28
20170509,688.3
20170510,687.21
20170511,687.4
20170512,688.07
20170515,688.76
20170516,690.25
20170517,689.93
20170518,689.54
20170519,689.53
20170522,689.11
20170523,688.32
20170524,688.46
20170525,689.95
20170526,690.07
20170531,690.52
20170601,689.95
20170602,690.04
20170605,690.05
20170606,690.99
20170607,693.12
20170608,694.07
20170609,694.8
20170612,694.58
20170613,695.49
20170614,694.54
20170615,695.06
20170616,694.97
20170619,696.71
20170620,697.05
20170621,698.41
20170622,697.83
20170623,698.9
20170626,701.34
20170627,701.91
20170628,700.98
20170629,701.93
20170630,702.31
20170703,702.3
20170704,701.45
20170705,703.12
20170706,703.4
20170707,703.47
20170710,703.11
20170711,703.09
20170712,702.93
20170713,703.93
20170714,704.51
20170717,701.94
20170718,702.13
20170719,704.74
20170720,705.86
20170721,705.9
20170724,706.85
20170725,706.08
20170726,705.73
20170727,706.4
20170728,707.06
20170731,708.36
20170801,709.13
20170802,708.72
20170803,708.04
20170804,707.34
20170807,708.26
20170808,708.6
20170809,708.78
20170810,708.1
20170811,705.45
20170814,708.17
20170815,708.81
20170816,708.99
20170817,709.84
20170818,709.74
20170821,710.68
20170822,710.47
20170823,710.1
20170824,709.05
20170825,711.55
20170828,713.73
20170829,713.45
20170830,713.53
20170831,713.55
20170901,714.52
20170904,715.77
20170905,716.16
20170906,716.32
20170907,715.42
20170908,715.77
20170911,716.43
20170912,716.55
20170913,717.03
20170914,716.6
20170915,716.07
20170918,717.18
20170919,716.47
20170920,717.41
20170921,716.83
20170922,716.79
20170925,716.03
20170926,716.06
20170927,716.6
20170928,717.04
20170929,718.18
20171009,720.58
20171010,721.08
20171011,721.62
20171012,721.93
20171013,722.53
20171016,721.79
20171017,721.83
20171018,722.85
20171019,722.49
20171020,722.62
20171023,723.48
20171024,724.36
20171025,725.29
20171026,725.57
20171027,726.23
20171030,724.95
20171031,724.87
20171101,724.62
20171102,724.07
20171103,723.66
20171106,725.61
20171107,726.98
20171108,726.73
20171109,728.23
20171110,730.23
20171113,731.22
20171114,729.51
20171115,728.01
20171116,729.5
20171117,728.53
20171120,730.28
20171121,732.2
20171122,731.81
20171123,726.03
20171124,725.94
20171127,723.49
20171128,724.49
20171129,724.55
20171130,722.87
20171201,723.07
20171204,723.65
20171205,723.14
20171206,722.9
20171207,721.28
20171208,722.93
20171211,725.85
20171212,723.73
20171213,725.37
20171214,724.85
20171215,723.13
20171218,723.01
20171219,725.1
20171220,724.76
20171221,726.44
20171222,726.24
20171225,725.51
20171226,726.26
20171227,723.47
20171228,724.72
20171229,725.95
20180102,729.27
20180103,730.7
20180104,731.58
20180105,732.17
20180108,733.28
20180109,734.34
20180110,734.74
20180111,734.45
20180112,735.08
20180115,734.29
20180116,736.07
20180117,735.03
20180118,736.64
20180119,736.59
20180122,739.73
20180123,741.86
20180124,742.57
20180125,741.65
20180126,742.61
20180129,738.96
20180130,737.0
20180131,738.02
20180201,736.22
20180202,738.05
20180205,738.76
20180206,731.71
20180207,726.84
20180208,725.4
20180209,717.12
20180212,721.52
20180213,723.78
20180214,725.11
20180222,730.54
20180223,731.15
20180226,734.48
20180227,731.87
20180228,730.47
20180301,732.22
20180302,730.21
20180305,730.34
20180306,733.05
20180307,731.52
20180308,733.36
20180309,735.6
20180312,737.14
20180313,735.25
20180314,733.93
20180315,734.85
20180316,732.88
20180319,734.06
20180320,734.92
20180321,733.39
20180322,731.22
20180323,724.57
20180326,725.14
20180327,727.83
20180328,724.7
20180329,726.83
20180330,729.0
20180402,729.07
20180403,727.81
20180404,727.13
20180409,727.69
20180410,730.69
20180411,731.81
20180412,730.07
20180413,728.88
20180416,727.18
20180417,723.15
20180418,726.56
20180419,728.17
20180420,724.67
20180423,722.97
20180424,728.07
20180425,727.97
20180426,724.22
20180427,724.59
20180502,725.08
20180503,726.93
20180504,726.71
20180507,730.34
20180508,731.92
20180509,731.5
20180510,732.28
20180511,730.97
20180514,731.88
20180515,733.1
20180516,731.81
20180517,730.36
20180518,732.08
20180521,733.56
20180522,733.22
20180523,730.34
20180524,729.01
20180525,727.93
20180528,728.51
20180529,726.81
20180530,722.9
20180531,726.88
20180601,724.62
20180604,726.28
20180605,729.41
20180606,729.57
20180607,728.97
20180608,727.03
20180611,726.28
20180612,728.92
20180613,727.0
20180614,726.24
20180615,724.82
20180619,717.93
20180620,719.44
20180621,717.24
20180622,718.83
20180625,717.0
20180626,716.19
20180627,712.74
20180628,710.9
20180629,716.75
20180702,712.78
20180703,712.94
20180704,710.34
20180705,708.34
20180706,709.29
20180709,714.34
20180710,715.19
20180711,712.72
20180712,717.37
20180713,718.66
20180716,718.11
20180717,717.49
20180718,716.39
20180719,716.1
20180720,719.12
20180723,720.72
20180724,723.07
20180725,723.24
20180726,720.71
20180727,720.12
20180730,719.2
20180731,719.79
20180801,716.79
20180802,713.49
20180803,710.6
20180806,708.25
20180807,713.39
20180808,710.21
20180809,714.3
20180810,714.68
20180813,714.39
20180814,713.38
20180815,709.49
20180816,708.09
20180817,705.13
20180820,706.6
20180821,709.68
20180822,708.37
20180823,709.54
20180824,709.69
20180827,714.08
20180828,713.94
20180829,712.99
20180830,711.08
20180831,709.73
20180903,709.7
20180904,711.62
20180905,708.31
20180906,706.71
20180907,706.92
20180910,704.0
20180911,703.48
20180912,702.36
20180913,703.8
20180914,703.11
20180917,701.16
20180918,704.4
20180919,707.0
20180920,706.62
20180921,711.51
20180925,710.36
20180926,712.44
20180927,711.33
20180928,713.17
20181008,705.66
20181009,705.11
20181010,704.79
20181011,697.37
20181012,699.76
20181015,697.71
20181016,695.56
20181017,695.82
20181018,692.49
20181019,697.13
20181022,703.63
20181023,700.03
20181024,699.8
20181025,699.53
20181026,698.58
20181029,694.81
20181030,696.2
20181031,698.5
20181101,699.63
20181102,705.11
20181105,704.34
20181106,703.83
20181107,703.27
20181108,702.52
20181109,701.22
20181112,703.91
20181113,705.42
20181114,704.67
20181115,706.7
20181116,707.81
20181119,708.82
20181120,704.95
20181121,705.57
20181122,705.06
20181123,701.44
20181126,701.28
20181127,701.41
20181128,703.63
20181129,701.71
20181130,703.33
20181203,707.97
20181204,708.61
20181205,708.49
20181206,705.23
20181207,705.28
20181210,704.09
20181211,705.16
20181212,705.57
20181213,707.53
20181214,704.3
20181217,703.27
20181218,701.65
20181219,699.77
20181220,699.38
20181221,697.77
20181224,699.08
20181225,698.69
20181226,698.0
20181227,697.36
20181228,698.54
20190102,697.21
20190103,696.6
20190104,699.96
20190107,702.25
20190108,702.27
20190109,703.67
20190110,703.83
20190111,704.68
20190114,703.26
20190115,705.97
20190116,706.55
20190117,705.59
20190118,708.28
20190121,709.55
20190122,707.48
20190123,707.79
20190124,708.97
20190125,710.32
20190128,710.05
20190129,710.45
20190130,709.45
20190131,710.33
20190201,713.79
20190211,717.86
20190212,719.26
20190213,722.46
20190214,722.95
20190215,719.98
20190218,726.41
20190219,725.39
20190220,725.92
20190221,725.95
20190222,730.61
20190225,741.14
20190226,738.55
20190227,736.78
20190228,737.35
20190301,740.55
20190304,743.92
20190305,746.47
20190306,748.02
20190307,746.07
20190308,739.48
20190311,745.67
20190312,748.68
20190313,744.83
20190314,742.17
20190315,745.28
20190318,751.56
20190319,751.39
20190320,750.53
20190321,751.6
20190322,751.79
20190325,748.0
20190326,744.55
20190327,747.09
20190328,746.28
20190329,754.05
20190401,761.07
20190402,760.71
20190403,762.67
20190404,764.9
20190408,763.77
20190409,763.95
20190410,764.3
20190411,758.77
20190412,757.81
20190415,755.8
20190416,760.29
20190417,761.43
20190418,761.01
20190419,763.27
20190422,758.52
20190423,757.18
20190424,758.08
20190425,752.97
20190426,750.73
20190429,750.49
20190430,752.01
20190506,739.33
20190507,742.01
20190508,740.16
20190509,738.09
20190510,744.91
20190513,742.85
20190514,742.06
20190515,746.43
20190516,747.23
20190517,742.58
20190520,740.29
20190521,742.74
20190522,742.48
20190523,739.03
20190524,738.91
20190527,741.09
20190528,742.55
20190529,742.51
20190530,741.6
20190531,741.72
20190603,740.93
20190604,738.9
20190605,738.84
20190606,736.55
20190610,739.18
20190611,744.9
20190612,743.56
20190613,743.09
20190614,741.33
20190617,741.03
20190618,741.97
20190619,745.07
20190620,751.4
20190621,752.61
20190624,753.33
20190625,751.45
20190626,751.9
20190627,754.93
20190628,754.73
20190701,761.12
20190702,761.78
20190703,759.74
20190704,758.28
20190705,759.89
20190708,754.77
20190709,754.49
20190710,753.96
20190711,754.28
20190712,755.84
20190715,756.79
20190716,755.89
20190717,755.79
20190718,753.6
20190719,755.73
20190722,761.08
20190723,762.1
20190724,764.26
20190725,766.15
20190726,767.14
20190729,767.56
20190730,768.71
20190731,767.32
20190801,765.76
20190802,763.74
20190805,760.31
20190806,758.16
20190807,757.96
20190808,762.71
20190809,761.01
20190812,765.8
20190813,764.62
20190814,765.62
20190815,766.86
20190816,768.3
20190819,773.24
20190820,772.74
20190821,772.66
20190822,773.08
20190823,774.87
20190826,772.59
20190827,776.05
20190828,775.48
20190829,775.08
20190830,774.9
20190902,778.53
20190903,779.56
20190904,781.41
20190905,784.06
20190906,785.44
20190909,788.49
20190910,787.3
20190911,785.36
20190912,786.99
20190916,786.64
20190917,782.31
20190918,783.49
20190919,785.1
20190920,786.07
20190923,783.81
20190924,784.84
20190925,782.69
20190926,779.89
20190927,780.77
20190930,779.42
20191008,780.33
20191009,781.14
20191010,783.83
20191011,785.35
20191014,788.16
20191015,786.59
20191016,785.83
20191017,786.08
20191018,783.32
20191021,783.04
20191022,784.45
20191023,783.04
20191024,782.69
20191025,784.53
20191028,786.48
20191029,785.41
20191030,784.19
20191031,783.6
20191101,786.92
20191104,788.81
20191105,791.13
20191106,790.62
20191107,791.36
20191108,790.89
20191111,786.94
20191112,786.91
20191113,787.42
20191114,788.29
20191115,787.02
20191118,790.6
20191119,793.61
20191120,792.14
20191121,791.16
20191122,788.75
20191125,789.78
20191126,790.36
20191127,789.98
20191128,789.34
20191129,787.75
20191202,788.36
20191203,789.26
20191204,789.28
20191205,791.41
20191206,793.05
20191209,793.55
20191210,794.68
20191211,795.17
20191212,795.11
20191213,799.46
20191216,802.02
20191217,805.12
20191218,804.73
20191219,804.35
20191220,803.6
20191223,801.11
20191224,803.66
20191225,804.15
20191226,806.72
20191227,806.06
20191230,809.5
20191231,811.05
20200102,815.57
20200103,815.63
20200106,816.16
20200107,818.55
20200108,815.95
20200109,819.8
20200110,819.67
20200113,822.48
20200114,821.89
20200115,820.61
20200116,820.88
20200117,821.92
20200120,825.54
20200121,822.4
20200122,824.78
20200123,816.96
20200203,797.89
20200204,806.95
20200205,811.29
20200206,816.91
20200207,818.16
20200210,820.26
20200211,822.43
20200212,827.09
20200213,826.16
20200214,827.12
20200217,834.2
20200218,835.63
20200219,834.07
20200220,839.48
20200221,842.41
20200224,843.15
20200225,842.94
20200226,837.27
20200227,839.37
20200228,829.01
20200302,837.52
20200303,839.64
20200304,840.32
20200305,845.45
20200306,842.34
20200309,831.95
20200310,837.53
20200311,833.94
20200312,828.94
20200313,825.61
20200316,813.64
20200317,812.48
20200318,808.63
20200319,806.54
20200320,812.07
20200323,802.64
20200324,809.01
20200325,816.45
20200326,815.3
20200327,815.77
20200330,812.63
20200331,813.5
20200401,812.81
20200402,817.19
20200403,815.81
20200407,823.8
20200408,823.44
20200409,825.25
20200410,821.77
20200413,820.3
20200414,825.65
20200415,824.1
20200416,825.92
20200417,828.22
20200420,831.06
20200421,828.5
20200422,831.18
20200423,830.64
20200424,828.29
20200427,830.13
20200428,831.49
20200429,832.36
20200430,836.29
20200506,839.04
20200507,838.16
20200508,840.52
20200511,839.72
20200512,840.08
20200513,841.03
20200514,837.89
20200515,837.61
20200518,837.83
20200519,840.18
20200520,837.83
20200521,836.07
20200522,831.51
20200525,831.39
20200526,834.63
20200527,832.84
20200528,833.3
20200529,835.49
20200601,841.89
20200602,840.85
20200603,840.03
20200604,839.6
20200605,839.6
20200608,840.45
20200609,842.49
20200610,843.03
20200611,841.38
20200612,842.22
20200615,840.15
20200616,844.33
20200617,844.34
20200618,845.22
20200619,848.85
20200622,848.98
20200623,850.46
20200624,852.17
20200629,850.99
20200630,855.35
20200701,859.22
20200702,863.5
20200703,867.64
20200706,880.88
20200707,883.9
20200708,888.51
20200709,894.0
20200710,890.56
20200713,898.38
20200714,895.57
20200715,893.08
20200716,881.67
20200717,885.03
20200720,893.38
20200721,896.69
20200722,900.51
20200723,901.45
20200724,887.35
20200727,887.96
20200728,891.49
20200729,899.57
20200730,899.07
20200731,903.4
20200803,908.98
20200804,908.05
20200805,910.4
20200806,909.49
20200807,906.29
20200810,907.3
20200811,903.57
20200812,899.74
20200813,900.01
20200814,904.17
20200817,910.44
20200818,912.75
20200819,908.1
20200820,904.2
20200821,906.91
20200824,911.27
20200825,910.98
20200826,906.19
20200827,908.36
20200828,914.77
20200831,913.98
20200901,916.38
20200902,916.84
20200903,915.0
20200904,912.33
20200907,904.95
20200908,905.1
20200909,897.69
20200910,897.36
20200911,901.05
20200914,903.36
20200915,905.93
20200916,904.69
20200917,904.66
20200918,909.39
20200921,907.51
20200922,904.51
20200923,906.24
20200924,900.54
20200925,899.96
20200928,900.31
20200929,902.46
20200930,903.2
20201009,909.71
20201012,917.68
20201013,919.43
20201014,918.25
20201015,917.62
20201016,916.78
20201019,914.44
20201020,917.35
20201021,916.21
20201022,915.62
20201023,911.27
20201026,911.47
20201027,913.38
20201028,915.69
20201029,918.5
20201030,914.16
20201102,916.74
20201103,919.55
20201104,921.73
20201105,926.35
20201106,925.21
20201109,930.14
20201110,928.77
20201111,925.9
20201112,926.62
20201113,923.77
20201116,926.08
20201117,924.3
20201118,923.6
20201119,925.16
20201120,926.35
20201123,929.64
20201124,928.86
20201125,924.88
20201126,924.72
20201127,927.53
20201130,926.83
20201201,932.15
20201202,932.32
20201203,931.55
20201204,932.45
20201207,931.58
20201208,931.45
20201209,928.25
20201210,928.58
20201211,925.85
20201214,928.42
20201215,928.65
20201216,929.52
20201217,932.38
20201218,932.27
20201221,936.48
20201222,932.64
20201223,935.51
20201224,934.15
20201225,937.45
20201228,938.2
20201229,936.22
20201230,941.43
20201231,947.2
20210104,952.23
20210105,956.9
20210106,958.67
20210107,963.17
20210108,961.48
20210111,958.67
20210112,965.98
20210113,964.01
20210114,959.19
20210115,959.52
20210118,963.94
20210119,959.85
20210120,963.01
20210121,967.79
20210122,969.51
20210125,971.91
20210126,965.39
20210127,966.29
20210128,956.96
20210129,954.51
20210201,958.54
20210202,962.89
20210203,961.75
20210204,959.48
20210205,958.1
20210208,962.97
20210209,970.4
20210210,975.79
20210218,975.07
20210219,974.96
20210222,968.12
20210223,967.16
20210224,959.91
20210225,960.98
20210226,954.67
20210301,960.04
20210302,957.53
20210303,962.75
20210304,954.14
20210305,953.1
20210308,945.07
20210309,939.57
20210310,941.45
20210311,948.14
20210312,949.58
20210315,944.74
20210316,947.09
20210317,948.63
20210318,951.35
20210319,945.7
20210322,948.6
20210323,945.71
20210324,941.06
20210325,941.95
20210326,947.7
20210329,949.18
20210330,951.65
20210331,949.6
20210401,952.7
20210402,954.71
20210406,954.44
20210407,953.03
20210408,953.85
20210409,951.11
20210412,946.07
20210413,945.97
20210414,948.88
20210415,948.19
20210416,949.45
20210419,955.65
20210420,956.12
20210421,956.79
20210422,957.35
20210423,959.2
20210426,957.42
20210427,957.91
20210428,959.88
20210429,961.43
20210430,960.53
20210506,959.3
20210507,956.06
20210510,956.41
20210511,956.78
20210512,958.38
20210513,955.69
20210514,959.65
20210517,963.63
20210518,964.02
20210519,963.88
20210520,964.63
20210521,963.61
20210524,965.01
20210525,971.21
20210526,971.8
20210527,973.1
20210528,972.51
20210531,974.49
20210601,975.28
20210602,973.21
20210603,972.1
20210604,973.23
20210607,973.08
20210608,971.16
20210609,971.65
20210610,974.03
20210611,972.73
20210615,970.35
20210616,965.52
20210617,967.02
20210618,968.02
20210621,969.55
20210622,972.0
20210623,974.33
20210624,974.04
20210625,977.68
20210628,978.64
20210629,976.97
20210630,979.32
20210701,979.36
20210702,973.57
20210705,974.74
20210706,974.82
20210707,979.07
20210708,978.74
20210709,979.7
20210712,984.08
20210713,985.9
20210714,983.44
20210715,986.39
20210716,984.52
20210719,984.51
20210720,984.7
20210721,988.56
20210722,990.63
20210723,988.64
20210726,982.96
20210727,974.58
20210728,973.88
20210729,980.68
20210730,980.57
20210802,986.18
20210803,984.26
20210804,989.11
20210805,988.5
20210806,988.24
20210809,989.74
20210810,991.86
20210811,992.86
20210812,992.44
20210813,991.87
20210816,990.85
20210817,985.58
20210818,987.83
20210819,987.6
20210820,985.2
20210823,989.67
20210824,992.54
20210825,993.75
20210826,990.15
20210827,991.51
20210830,992.58
20210831,993.12
20210901,993.44
20210902,996.68
20210903,994.53
20210906,998.49
20210907,1002.97
20210908,1002.44
20210909,1003.02
20210910,1004.3
20210913,1004.74
20210914,1001.41
20210915,1000.31
20210916,994.94
20210917,996.09
20210922,996.9
20210923,997.41
20210924,995.16
20210927,992.51
20210928,993.5
20210929,988.88
20210930,992.79
20211008,993.3
20211011,992.87
20211012,988.89
20211013,991.0
20211014,991.35
20211015,993.14
20211018,992.74
20211019,994.79
20211020,994.55
20211021,995.15
20211022,994.93
20211025,997.31
20211026,996.92
20211027,995.44
20211028,993.17
20211029,995.87
20211101,996.97
20211102,995.06
20211103,994.82
20211104,997.98
20211105,995.84
20211108,996.79
20211109,998.2
20211110,997.45
20211111,1000.96
20211112,1002.26
20211115,1001.41
20211116,1000.1
20211117,1001.94
20211118,1000.95
20211119,1004.43
20211122,1007.57
20211123,1006.98
20211124,1006.96
20211125,1006.06
20211126,1005.81
20211129,1007.2
20211130,1007.18
20211201,1007.63
20211202,1007.23
20211203,1009.75
20211206,1008.0
20211207,1006.4
20211208,1010.81
20211209,1013.51
20211210,1013.69
20211213,1015.38
20211214,1013.89
20211215,1012.44
20211216,1014.3
20211217,1010.75
20211220,1006.54
20211221,1009.11
20211222,1010.56
20211223,1012.71
20211224,1010.93
20211227,1010.59
20211228,1012.26
20211229,1009.95
20211230,1012.38
20211231,1014.64
20220104,1013.22
20220105,1009.07
20220106,1008.4
20220107,1007.1
20220110,1008.61
20220111,1005.78
20220112,1009.0
20220113,1004.31
20220114,1002.93
20220117,1006.16
20220118,1008.57
20220119,1007.37
20220120,1007.63
20220121,1005.16
20220124,1006.71
20220125,999.98
20220126,1001.89
20220127,996.6
20220128,994.91
20220207,999.07
20220208,998.2
20220209,1001.43
20220210,1000.98
20220211,997.2
20220214,992.18
20220215,993.58
20220216,994.94
20220217,995.87
20220218,997.45
20220221,996.95
20220222,993.53
20220223,997.06
20220224,992.47
20220225,994.65
20220228,995.62
20220301,997.01
20220302,995.08
20220303,992.69
20220304,989.27
20220307,981.95
20220308,975.34
20220309,972.82
20220310,977.17
20220311,977.54
20220314,971.25
20220315,960.03
20220316,969.09
20220317,973.76
20220318,975.9
20220321,976.78
20220322,976.54
20220323,977.41
20220324,975.21
20220325,971.07
20220328,969.66
20220329,969.15
20220330,975.51
20220331,973.5
20220401,976.52
20220406,976.21
20220407,972.77
20220408,973.53
20220411,966.72
20220412,969.37
20220413,967.27
20220414,970.67
20220415,970.13
20220418,969.94
20220419,969.19
20220420,965.03
20220421,959.68
20220422,960.4
20220425,948.56
20220426,946.36
20220427,954.25
20220428,955.59
20220429,962.55
20220505,963.67
20220506,958.15
20220509,957.97
20220510,961.01
20220511,964.0
20220512,963.43
20220513,965.75
20220516,965.27
20220517,968.12
20220518,967.61
20220519,968.7
20220520,972.7
20220523,972.47
20220524,965.76
20220525,968.25
20220526,970.29
20220527,970.7
20220530,972.71
20220531,975.79
20220601,975.39
20220602,976.43
20220606,981.24
20220607,981.28
20220608,983.1
20220609,980.57
20220610,985.15
20220613,983.27
20220614,984.28
20220615,985.7
20220616,985.22
20220617,988.76
20220620,990.05
20220621,988.9
20220622,985.78
20220623,990.71
20220624,994.09
20220627,997.46
20220628,1000.11
20220629,995.48
20220630,1000.0
20220701,999.12
20220704,1001.38
20220705,1000.18
20220706,996.22
20220707,998.25
20220708,997.07
20220711,993.42
20220712,991.32
20220713,992.43
20220714,994.13
20220715,991.89
20220718,995.36
20220719,995.03
20220720,997.27
20220721,995.01
20220722,994.13
20220725,992.31
20220726,995.63
20220727,996.67
20220728,997.11
20220729,995.38
20220801,997.79
20220802,993.25
20220803,990.51
20220804,991.8
20220805,994.78
20220808,996.57
20220809,997.62
20220810,996.13
20220811,999.66
20220812,998.62
20220815,1000.86
20220816,1002.1
20220817,1003.68
20220818,1003.02
20220819,999.89
20220822,1002.42
20220823,1002.53
20220824,994.89
20220825,995.54
20220826,994.13
20220829,994.49
20220830,992.86
20220831,988.44
20220901,987.46
20220902,987.99
20220905,989.27
20220906,993.68
20220907,994.98
20220908,993.35
20220909,994.9
20220913,995.48
20220914,993.15
20220915,988.26
20220916,982.93
20220919,982.11
20220920,983.65
20220921,982.64
20220922,982.1
20220923,979.29
20220926,977.99
20220927,981.77
20220928,976.34
20220929,976.25
20220930,973.59
20221010,969.39
20221011,970.11
20221012,974.65
20221013,974.09
20221014,979.44
20221017,980.16
20221018,980.55
20221019,977.53
20221020,975.47
20221021,975.75
20221024,970.89
20221025,970.11
20221026,972.63
20221027,970.81
20221028,964.99
20221031,963.38
20221101,969.42
20221102,972.66
20221103,972.25
20221104,978.96
20221107,978.33
20221108,976.65
20221109,975.0
20221110,972.08
20221111,976.57
20221114,973.78
20221115,978.01
20221116,974.36
20221117,973.04
20221118,971.37
20221121,971.13
20221122,969.42
20221123,969.74
20221124,970.58
20221125,970.13
20221128,968.15
20221129,973.46
20221130,973.03
20221201,975.64
20221202,974.58
20221205,977.39
20221206,977.07
20221207,975.16
20221208,974.63
20221209,976.24
20221212,973.58
20221213,970.74
20221214,970.71
20221215,970.78
20221216,969.41
20221219,965.38
20221220,962.26
20221221,961.84
20221222,961.01
20221223,960.66
20221226,963.99
20221227,967.4
20221228,966.49
20221229,966.25
20221230,967.37
20230103,970.69
20230104,971.95
20230105,976.4
20230106,977.04
20230109,978.5
20230110,978.17
20230111,977.16
20230112,977.24
20230113,979.54
20230116,982.76
20230117,983.17
20230118,983.39
20230119,985.47
20230120,987.58
20230130,988.82
20230131,986.91
20230201,989.98
20230202,990.51
20230203,988.95
20230206,985.52
20230207,986.22
20230208,984.93
20230209,989.22
20230210,987.79
20230213,990.66
20230214,990.95
20230215,989.48
20230216,986.0
20230217,982.7
20230220,988.25
20230221,988.65
20230222,987.56
20230223,987.17
20230224,985.03
20230227,983.74
20230228,985.14
20230301,988.34
20230302,987.36
20230303,987.87
20230306,988.13
20230307,983.65
20230308,983.23
20230309,982.86
20230310,979.28
20230313,982.28
20230314,980.21
20230315,980.78
20230316,977.11
20230317,978.54
20230320,977.51
20230321,980.54
20230322,981.58
20230323,983.42
20230324,982.25
20230327,981.63
20230328,980.39
20230329,980.81
20230330,982.42
20230331,984.44
20230403,987.38
20230404,987.71
20230406,988.36
20230407,991.14
20230410,989.13
20230411,988.95
20230412,990.0
20230413,988.14
20230414,990.11
20230417,992.57
20230418,992.73
20230419,990.54
20230420,990.27
20230421,983.94
20230424,980.85
20230425,978.72
20230426,979.41
20230427,981.39
20230428,984.64
20230504,985.01
20230505,982.79
20230508,985.17
20230509,981.79
20230510,980.54
20230511,980.63
20230512,976.95
20230515,979.97
20230516,978.72
20230517,978.7
20230518,979.53
20230519,979.71
20230522,981.07
20230523,978.08
20230524,975.74
20230525,975.03
20230526,976.5
20230529,975.96
20230530,976.7
20230531,975.55
20230601,976.23
20230602,979.49
20230605,979.13
20230606,975.8
20230607,975.54
20230608,976.0
20230609,978.45
20230612,979.49
20230613,980.92
20230614,981.78
20230615,983.87
20230616,985.99
20230619,985.12
20230620,985.1
20230621,980.24
20230626,975.76
20230627,979.04
20230628,978.55
20230629,978.84
20230630,981.05
20230703,982.95
20230704,983.6
20230705,981.57
20230706,980.5
20230707,979.31
20230710,979.69
20230711,981.67
20230712,979.43
20230713,982.94
20230714,982.79
20230717,981.57
20230718,981.09
20230719,980.85
20230720,978.3
20230721,978.14
20230724,977.35
20230725,982.56
20230726,981.56
20230727,980.72
20230728,984.85
20230731,986.37
20230801,985.42
20230802,984.26
20230803,985.61
20230804,986.57
20230807,984.74
20230808,983.99
20230809,982.54
20230810,983.28
20230811,978.55
20230814,978.35
20230815,977.26
20230816,974.98
20230817,976.97
20230818,973.81
20230821,971.08
20230822,972.56
20230823,968.2
20230824,969.8
20230825,967.13
20230828,968.9
20230829,973.8
20230830,974.87
20230831,973.75
20230901,974.95
20230904,977.93
20230905,976.01
20230906,975.6
20230907,970.76
20230908,970.15
20230911,971.85
20230912,971.37
20230913,969.54
20230914,969.21
20230915,968.59
20230918,968.97
20230919,968.05
20230920,966.88
20230921,965.06
20230922,969.04
20230925,967.65
20230926,966.58
20230927,967.41
20230928,968.29
20231009,967.75
20231010,965.8
20231011,965.62
20231012,967.17
20231013,965.09
20231016,963.08
20231017,963.29
20231018,960.05
20231019,955.44
20231020,953.16
20231023,949.34
20231024,952.07
20231025,953.56
20231026,954.36
20231027,958.41
20231030,960.65
20231031,959.56
20231101,958.96
20231102,957.46
20231103,960.22
20231106,964.1
20231107,963.8
20231108,963.69
20231109,963.02
20231110,962.02
20231113,962.72
20231114,963.45
20231115,965.39
20231116,963.03
20231117,963.61
20231120,965.04
20231121,964.27
20231122,960.91
20231123,962.56
20231124,960.09
20231127,959.92
20231128,960.95
20231129,959.25
20231130,959.41
20231201,959.38
20231204,958.23
20231205,953.68
20231206,954.21
20231207,953.78
20231208,954.29
20231211,956.79
20231212,957.38
20231213,954.6
20231214,953.88
20231215,953.09
20231218,951.42
20231219,951.41
20231220,949.1
20231221,950.96
20231222,950.02
20231225,950.77
20231226,948.57
20231227,950.97
20231228,955.56
20231229,958.53
20240102,957.18
20240103,955.52
20240104,954.25
20240105,951.93
20240108,947.73
20240109,948.71
20240110,947.36
20240111,949.26
20240112,948.87
20240115,948.69
20240116,948.57
20240117,942.86
20240118,943.84
20240119,942.53
20240122,934.19
20240123,936.14
20240124,938.74
20240125,945.27
20240126,944.22
20240129,941.09
20240130,936.7
20240131,932.91
20240201,932.55
20240202,929.13
20240205,926.08
20240206,935.13
20240207,939.38
20240208,943.59
20240219,947.01
20240220,949.12
20240221,951.52
20240222,954.56
20240223,956.15
20240226,955.78
20240227,959.86
20240228,953.14
20240229,959.19
20240301,960.42
20240304,961.8
20240305,961.14
20240306,961.72
20240307,960.35
20240308,962.53
20240311,964.82
20240312,964.19
20240313,963.85
20240314,962.91
20240315,964.67
20240318,967.73
20240319,966.67
20240320,967.84
20240321,968.01
20240322,965.59
20240325,963.14
20240326,962.91
20240327,959.19
20240328,961.77
20240329,964.65
20240401,968.25
20240402,968.16
20240403,968.53
20240408,966.49
20240409,967.5
20240410,965.89
20240411,967.08
20240412,967.36
20240415,969.39
20240416,964.29
20240417,970.05
20240418,970.86
20240419,970.33
20240422,969.28
20240423,967.7
20240424,969.64
20240425,969.81
20240426,972.74
20240429,974.18
20240430,974.77
20240506,980.03
20240507,981.07
20240508,979.08
20240509,982.59
20240510,982.84
20240513,982.82
20240514,983.28
20240515,981.58
20240516,981.52
20240517,983.5
20240520,985.82
20240521,984.03
20240522,983.71
20240523,980.23
20240524,978.41
20240527,981.52
20240528,979.94
20240529,980.31
20240530,978.95
20240531,978.38
20240603,977.87
20240604,980.03
20240605,977.79
20240606,977.16
20240607,977.13
20240611,976.3
20240612,977.34
20240613,976.17
20240614,976.75
20240617,976.0
20240618,977.13
20240619,975.96
20240620,973.63
20240621,972.7
20240624,968.83
20240625,968.53
20240626,971.52
20240627,968.88
20240628,971.06
20240701,972.99
20240702,971.7
20240703,970.4
20240704,968.35
20240705,968.72
20240708,965.64
20240709,969.19
20240710,967.68
20240711,971.15
20240712,970.73
20240715,970.22
20240716,970.78
20240717,968.58
20240718,969.76
20240719,969.71
20240722,968.76
20240723,963.28
20240724,961.02
20240725,959.77
20240726,962.84
20240729,962.33
20240730,961.23
20240731,967.41
20240801,966.68
20240802,964.32
20240805,960.43
20240806,961.29
20240807,961.92
20240808,961.42
20240809,960.3
20240812,958.64
20240813,959.41
20240814,957.75
20240815,958.2
20240816,956.86
20240819,957.96
20240820,954.87
20240821,954.09
20240822,953.23
20240823,953.49
20240826,954.0
20240827,951.95
20240828,951.57
20240829,952.89
20240830,956.36
20240902,953.28
20240903,954.52
20240904,953.6
20240905,954.79
20240906,952.45
20240909,950.09
20240910,949.9
20240911,949.75
20240912,949.03
20240913,948.35
20240918,949.54
20240919,951.52
20240920,951.26
20240923,951.57
20240924,960.14
20240925,962.69
20240926,971.67
20240927,979.79
20240930,998.88
20241008,1011.93
20241009,992.3
20241010,995.63
20241011,989.73
20241014,995.88
20241015,990.87
20241016,991.17
20241017,989.46
20241018,997.04
20241021,998.75
20241022,1000.02
20241023,1000.28
20241024,997.2
20241025,999.47
20241028,1000.92
20241029,997.65
20241030,996.04
20241031,996.53
20241101,996.39
20241104,999.92
20241105,1005.66
20241106,1004.86
20241107,1010.7
20241108,1009.19
20241111,1012.33
20241112,1009.7
20241113,1010.32
20241114,1004.86
20241115,1000.97
20241118,998.25
20241119,1001.51
20241120,1003.54
20241121,1003.85
20241122,997.23
20241125,997.06
20241126,996.51
20241127,1001.0
20241128,999.87
20241129,1003.54
20241202,1007.26
20241203,1007.49
20241204,1006.18
20241205,1006.85
20241206,1009.6
20241209,1010.32
20241210,1013.72
20241211,1015.92
20241212,1019.08
20241213,1015.17
20241216,1013.37
20241217,1011.35
20241218,1012.4
20241219,1012.31
20241220,1013.58
20241223,1012.01
20241224,1014.67
20241225,1013.31
20241226,1014.56
20241227,1015.4
20241230,1015.95
20241231,1013.14
20250102,1008.9
20250103,1006.35
20250106,1005.83
20250107,1007.9
20250108,1007.69
20250109,1007.26
20250110,1004.39
20250113,1003.25
20250114,1010.09
20250115,1009.29
20250116,1009.59
20250117,1011.0
20250120,1012.34
20250121,1013.81
20250122,1012.26
20250123,1011.37
20250124,1014.5
20250127,1013.92
20250205,1013.47
20250206,1017.98
20250207,1020.93
20250210,1021.64
20250211,1020.77
20250212,1023.33
20250213,1021.32
20250214,1022.94
20250217,1022.83
20250218,1019.66
20250219,1023.56
20250220,1023.5
20250221,1026.66
20250224,1025.17
20250225,1023.06
20250226,1026.61
20250227,1026.09
20250228,1019.5
20250303,1019.62
20250304,1021.11
20250305,1023.13
20250306,1027.02
20250307,1026.14
20250310,1025.56
20250311,1024.85
20250312,1024.86
20250313,1022.99
20250314,1028.42
20250317,1027.87
20250318,1029.35
20250319,1028.71
20250320,1027.45
20250321,1022.92
20250324,1023.68
20250325,1023.58
20250326,1024.05
20250327,1024.7
20250328,1023.11
20250331,1021.25
20250401,1022.44
20250402,1023.13
20250403,1021.64
20250407,1001.47
20250408,1004.23
20250409,1008.1
20250410,1012.65
20250411,1013.93
20250414,1015.89
20250415,1015.21
20250416,1014.28
20250417,1014.55
20250418,1014.18
20250421,1016.61
20250422,1017.16
20250423,1017.73
20250424,1016.88
20250425,1017.17
20250428,1016.14
20250429,1017.26
20250430,1018.03
20250506,1021.91
20250507,1022.25
20250508,1023.94
20250509,1023.12
20250512,1025.51
20250513,1025.69
20250514,1026.76
20250515,1024.33
20250516,1023.85
20250519,1024.34
20250520,1026.42
20250521,1027.64
20250522,1026.41
20250523,1024.8
20250526,1024.18
20250527,1022.84
20250528,1022.88
20250529,1024.65
20250530,1023.72
20250603,1025.11
20250604,1026.96
20250605,1027.56
20250606,1027.99
20250609,1029.71
20250610,1028.66
20250611,1030.65
20250612,1031.03
20250613,1029.11
20250616,1029.72
20250617,1029.4
20250618,1029.69
20250619,1027.04
20250620,1027.01
20250623,1028.21
20250624,1030.96
20250625,1034.04
20250626,1033.38
20250627,1033.6
20250630,1035.23
20250701,1036.93
20250702,1036.61
20250703,1038.39
20250704,1038.72
20250707,1037.99
20250708,1040.4
20250709,1039.45
20250710,1040.31
20250711,1040.79
20250714,1040.86
20250715,1041.41
20250716,1041.78
20250717,1044.35
20250718,1045.78
20250721,1048.08
20250722,1050.19
20250723,1049.68
20250724,1051.16
20250725,1050.59
20250728,1051.1
20250729,1051.65
20250730,1051.41
20250731,1047.44
20250801,1046.93
20250804,1049.75
20250805,1052.3
20250806,1054.2
20250807,1054.16
20250808,1053.87
20250811,1055.05
20250812,1055.44
20250813,1058.73
20250814,1056.63
20250815,1060.05
20250818,1061.7
20250819,1061.18
20250820,1063.64
20250821,1064.63
20250822,1069.33
20250825,1074.88
20250826,1075.03
20250827,1068.87
20250828,1071.81
20250829,1073.23
20250901,1075.44
20250902,1071.67
20250903,1070.8
20250904,1065.61
20250905,1072.76
20250908,1074.63
20250909,1072.64
20250910,1071.52
20250911,1076.62
20250912,1076.75
20250915,1076.44
20250916,1076.77
20250917,1079.64
20250918,1076.0
20250919,1075.73
20250922,1076.59
20250923,1075.46
20250924,1079.15
20250925,1079.85
20250926,1077.59
20250929,1081.84
20250930,1084.88
20251009,1089.41
20251010,1084.41
20251013,1083.37
20251014,1078.43
20251015,1082.57
20251016,1081.55
20251017,1075.81
20251020,1076.85
20251021,1080.83
20251022,1079.49
20251023,1080.01
20251024,1082.98
20251027,1086.69
20251028,1085.34
20251029,1089.04
20251030,1086.72
20251031,1085.49
20251103,1086.23
20251104,1082.72
20251105,1084.12
20251106,1087.73
20251107,1086.96
20251110,1088.88
20251111,1087.52
20251112,1087.31
20251113,1091.07
20251114,1087.11
20251117,1085.49
20251118,1082.81
20251119,1083.26
20251120,1081.85
20251121,1075.05
20251124,1076.32
20251125,1078.51
20251126,1077.98
20251127,1077.47
20251128,1079.42
20251201,1081.88
20251202,1080.03
20251203,1078.81
20251204,1078.31
20251205,1081.47
20251208,1082.43
20251209,1080.16
20251210,1081.45
20251211,1079.65
20251212,1082.02
20251215,1080.19
20251216,1076.55
20251217,1081.73
20251218,1081.13
20251219,1083.18
20251222,1085.48
20251223,1085.89
20251224,1087.74
20251225,1088.76
20251226,1089.61
20251229,1087.62
20251230,1088.45
20251231,1088.12
20260105,1093.98
20260106,1098.71
20260107,1098.96
20260108,1098.47
20260109,1101.98
20260112,1106.08
20260113,1104.02
20260114,1105.04
20260115,1106.06
20260116,1106.26
20260119,1108.43
20260120,1108.1
20260121,1111.19
20260122,1112.05
20260123,1114.8
20260126,1113.94
20260127,1114.59
20260128,1117.86
20260129,1117.35
20260130,1112.61
20260202,1102.44
20260203,1109.02
20260204,1110.82
20260205,1107.89
20260206,1107.83
20260209,1113.14
20260210,1113.47
20260211,1113.98
20260212,1115.62
20260213,1111.22
20260224,1114.99
20260225,1117.36
20260226,1116.26
20260227,1117.4
20260302,1118.16
20260303,1109.98
20260304,1107.53
20260305,1109.25
20260306,1111.23
20260309,1107.28
20260310,1111.26
20260311,1112.41
20260312,1111.08
20260313,1108.39
20260316,1106.72
20260317,1102.77
20260318,1104.48
20260319,1097.82
20260320,1095.72
20260323,1086.72
20260324,1092.23
20260325,1096.47
20260326,1092.79
20260327,1095.29
20260330,1095.24
20260331,1091.34
20260401,1096.32
20260402,1093.31
20260403,1091.65
20260407,1093.03
20260408,1102.96
20260409,1101.8
20260410,1104.34
20260413,1104.03
20260414,1107.19
20260415,1106.4
20260416,1110.84
20260417,1111.06
20260420,1112.5
20260421,1113.51
20260422,1116.13
20260423,1113.62
20260424,1112.73
20260427,1113.46
20260428,1112.21
20260429,1117.23
20260430,1116.97
20260506,1121.73
20260507,1123.76
20260508,1122.93
20260511,1127.12
20260512,1125.96
20260513,1129.09
20260514,1123.34
20260515,1120.01
20260518,1119.09
20260519,1122.4
20260520,1123.3
20260521,1116.65
20260522,1121.02
20260525,1124.52
20260526,1124.18
20260527,1120.86
20260528,1122.53
20260529,1118.93
20260601,1117.43
20260602,1120.68
20260603,1121.04
20260604,1120.02
20260605,1115.39
20260608,1108.61
20260609,1113.8
20260610,1110.19
20260611,1109.63
20260612,1112.49
20260615,1120.04
20260616,1120.41
20260617,1123.15
20260618,1123.46
20260622,1127.81
20260623,1121.41
20260624,1124.74
20260625,1127.45
20260626,1121.24
20260629,1124.99
20260630,1128.56
20260701,1127.83
20260702,1120.51
20260703,1122.22
20260706,1122.38
20260707,1118.68
20260708,1116.6
20260709,1122.14
20260710,1117.42
20260713,1110.88
20260714,1116.39
20260715,1115.46
20260716,1110.98
20260717,1100.83
20260720,1101.88
20260721,1110.67
20260722,1109.77
20260723,1110.48
20260724,1105.81
20260727,1111.99
20260728,1104.52
20260729,1107.35
20260730,1103.16
20260731,1106.75
20260803,1103.95
20260804,1108.73
20260805,1114.15
20260806,1114.6
20260807,1118.62
20260810,1120.42
20260811,1117.34
20260812,1119.2
20260813,1116.78
20260814,1117.8
20260817,1124.28
20260818,1124.24
20260819,1114.52
20260820,1115.99
20260821,1117.13
20260824,1113.77
20260825,1113.68
20260826,1115.41
20260827,1119.02
20260828,1117.85
20260831,1118.9
20260901,1116.98
20260902,1112.99
20260903,1113.86
20260904,1112.22
20260907,1114.92
20260908,1114.61
20260909,1114.76
20260910,1112.6
