date,ratio
1990-12-21,96.786
1990-12-28,52.96
1991-01-04,60.338
1991-01-11,95.126
1991-01-18,87.267
1991-01-25,89.864
1991-02-01,88.598
1991-02-08,90.253
1991-02-14,96.321
1991-02-22,91.536
1991-03-01,89.618
1991-03-08,80.521
1991-03-15,61.578
1991-03-22,71.198
1991-03-29,89.44
1991-04-05,96.122
1991-04-12,93.23
1991-04-19,64.445
1991-04-26,96.637
1991-05-03,94.236
1991-05-10,96.74
1991-05-17,96.298
1991-05-24,89.038
1991-05-31,95.767
1991-06-07,97.56
1991-06-14,94.09
1991-06-21,94.841
1991-06-28,93.905
1991-07-05,92.257
1991-07-12,85.095
1991-07-19,93.472
1991-07-26,73.949
1991-08-02,96.303
1991-08-09,90.985
1991-08-16,93.557
1991-08-23,63.993
1991-08-30,74.184
1991-09-06,68.493
1991-09-13,86.31
1991-09-20,88.642
1991-09-27,94.145
1991-10-04,80.481
1991-10-11,77.637
1991-10-18,83.835
1991-10-25,85.506
1991-11-01,64.601
1991-11-08,54.725
1991-11-15,44.79
1991-11-22,73.873
1991-11-29,85.705
1991-12-06,76.247
1991-12-13,68.288
1991-12-20,73.229
1991-12-27,60.046
1992-01-03,42.596
1992-01-10,44.449
1992-01-17,48.337
1992-01-24,45.401
1992-01-31,42.054
1992-02-07,59.927
1992-02-14,38.161
1992-02-21,49.125
1992-02-28,54.739
1992-03-06,45.654
1992-03-13,64.529
1992-03-20,63.589
1992-03-27,72.645
1992-04-03,66.608
1992-04-10,47.629
1992-04-17,52.812
1992-04-24,93.997
1992-04-30,88.39
1992-05-08,71.221
1992-05-15,69.694
1992-05-22,71.168
1992-05-29,62.734
1992-06-05,69.496
1992-06-12,69.414
1992-06-19,70.937
1992-06-26,65.811
1992-07-03,64.703
1992-07-10,67.747
1992-07-17,68.347
1992-07-24,64.952
1992-07-31,57.635
1992-08-07,52.73
1992-08-14,64.071
1992-08-21,73.542
1992-08-28,70.246
1992-09-04,61.721
1992-09-11,58.636
1992-09-18,60.415
1992-09-25,74.232
1992-09-30,61.824
1992-10-09,64.779
1992-10-16,55.131
1992-10-23,59.946
1992-10-30,55.265
1992-11-06,61.989
1992-11-13,61.282
1992-11-20,42.909
1992-11-27,67.973
1992-12-04,33.687
1992-12-11,49.843
1992-12-18,45.201
1992-12-25,37.053
1993-01-03,38.09
1993-01-08,35.975
1993-01-15,38.668
1993-01-22,30.765
1993-01-29,36.945
1993-02-05,34.21
1993-02-12,29.227
1993-02-19,34.235
1993-02-26,29.421
1993-03-05,29.583
1993-03-12,24.764
1993-03-19,24.52
1993-03-26,30.595
1993-04-02,32.8
1993-04-09,34.244
1993-04-16,28.276
1993-04-23,30.032
1993-04-30,33.539
1993-05-07,29.802
1993-05-14,28.655
1993-05-21,22.054
1993-05-28,22.137
1993-06-04,29.894
1993-06-11,35.303
1993-06-18,27.278
1993-06-25,23.439
1993-07-02,59.695
1993-07-09,26.303
1993-07-16,38.42
1993-07-23,26.7
1993-07-30,33.705
1993-08-06,30.304
1993-08-13,28.307
1993-08-20,24.311
1993-08-27,32.804
1993-09-03,30.523
1993-09-10,30.804
1993-09-17,26.149
1993-09-24,27.611
1993-09-30,33.682
1993-10-08,49.576
1993-10-15,50.273
1993-10-22,62.355
1993-10-29,55.868
1993-11-05,51.54
1993-11-12,36.868
1993-11-19,21.658
1993-11-26,25.842
1993-12-03,28.037
1993-12-10,27.207
1993-12-17,25.335
1993-12-24,32.077
1993-12-31,46.254
1994-01-07,33.456
1994-01-14,32.828
1994-01-21,32.453
1994-01-28,31.909
1994-02-04,24.176
1994-02-18,33.31
1994-02-25,38.838
1994-03-04,49.194
1994-03-11,51.386
1994-03-18,26.021
1994-03-25,42.084
1994-04-01,34.267
1994-04-08,36.87
1994-04-15,25.424
1994-04-22,23.759
1994-04-29,31.84
1994-05-06,28.272
1994-05-13,31.939
1994-05-20,27.976
1994-05-27,38.029
1994-06-03,28.198
1994-06-10,36.496
1994-06-17,26.858
1994-06-24,27.173
1994-07-01,28.228
1994-07-08,35.053
1994-07-15,39.388
1994-07-22,27.936
1994-07-29,27.747
1994-08-05,26.164
1994-08-12,25.725
1994-08-19,27.712
1994-08-26,29.056
1994-09-02,28.286
1994-09-09,16.308
1994-09-16,18.263
1994-09-23,20.645
1994-09-30,19.224
1994-10-07,23.779
1994-10-14,24.639
1994-10-21,24.353
1994-10-28,20.373
1994-11-04,23.732
1994-11-11,30.342
1994-11-18,30.962
1994-11-25,31.531
1994-12-02,30.676
1994-12-09,22.165
1994-12-16,27.748
1994-12-23,39.245
1994-12-30,37.956
1995-01-06,32.984
1995-01-13,29.523
1995-01-20,25.538
1995-01-27,31.19
1995-02-10,29.484
1995-02-17,32.809
1995-02-24,33.676
1995-03-03,33.06
1995-03-10,25.808
1995-03-17,34.072
1995-03-24,32.325
1995-03-31,32.127
1995-04-07,34.119
1995-04-14,41.783
1995-04-21,34.235
1995-04-28,28.556
1995-05-05,31.978
1995-05-12,36.728
1995-05-19,24.949
1995-05-26,22.163
1995-06-02,26.263
1995-06-09,26.73
1995-06-16,26.243
1995-06-23,27.158
1995-06-30,34.285
1995-07-07,37.963
1995-07-14,33.114
1995-07-21,41.584
1995-07-28,49.1
1995-08-04,39.445
1995-08-11,43.692
1995-08-18,35.211
1995-08-25,38.698
1995-09-01,43.716
1995-09-08,34.344
1995-09-15,41.568
1995-09-22,42.934
1995-09-29,44.266
1995-10-06,45.548
1995-10-13,60.859
1995-10-20,45.625
1995-10-27,31.006
1995-11-03,43.062
1995-11-10,35.237
1995-11-17,41.467
1995-11-24,38.642
1995-12-01,38.373
1995-12-08,50.627
1995-12-15,45.501
1995-12-22,42.837
1995-12-29,36.912
1996-01-05,37.114
1996-01-12,44.762
1996-01-19,40.702
1996-01-26,47.053
1996-02-02,46.334
1996-02-09,51.48
1996-02-16,36.244
1996-03-08,37.946
1996-03-15,43.107
1996-03-22,46.934
1996-03-29,46.245
1996-04-05,34.765
1996-04-12,33.109
1996-04-19,26.747
1996-04-26,25.787
1996-05-03,27.759
1996-05-10,38.945
1996-05-17,35.386
1996-05-24,35.845
1996-05-31,53.707
1996-06-07,45.223
1996-06-14,36.867
1996-06-21,34.518
1996-06-28,30.269
1996-07-05,37.526
1996-07-12,32.239
1996-07-19,21.581
1996-07-26,21.705
1996-08-02,23.562
1996-08-09,28.933
1996-08-16,25.461
1996-08-23,33.838
1996-08-30,32.433
1996-09-06,29.811
1996-09-13,32.824
1996-09-20,34.523
1996-09-27,30.951
1996-10-04,27.486
1996-10-11,29.388
1996-10-18,27.168
1996-10-25,27.514
1996-11-01,25.962
1996-11-08,28.213
1996-11-15,28.613
1996-11-22,23.52
1996-11-29,23.921
1996-12-06,21.74
1996-12-13,20.321
1996-12-20,30.437
1996-12-27,24.133
1997-01-03,23.54
1997-01-10,28.616
1997-01-17,25.454
1997-01-24,27.333
1997-01-31,27.229
1997-02-21,33.012
1997-02-28,25.48
1997-03-07,18.994
1997-03-14,20.545
1997-03-21,23.686
1997-03-28,23.604
1997-04-04,20.767
1997-04-11,24.989
1997-04-18,23.989
1997-04-25,22.319
1997-04-30,27.347
1997-05-09,27.179
1997-05-16,29.086
1997-05-23,41.456
1997-05-30,49.789
1997-06-06,38.314
1997-06-13,39.136
1997-06-20,42.09
1997-06-27,37.728
1997-07-04,43.724
1997-07-11,40.873
1997-07-18,33.719
1997-07-25,31.298
1997-08-01,36.532
1997-08-08,31.598
1997-08-15,28.033
1997-08-22,32.912
1997-08-29,30.248
1997-09-05,27.196
1997-09-12,29.155
1997-09-19,34.018
1997-09-26,32.083
1997-09-30,40.183
1997-10-10,35.78
1997-10-17,35.851
1997-10-24,37.402
1997-10-31,30.949
1997-11-07,34.58
1997-11-14,34.321
1997-11-21,38.077
1997-11-28,43.225
1997-12-05,35.335
1997-12-12,30.478
1997-12-19,29.167
1997-12-26,29.595
1997-12-31,26.664
1998-01-09,26.676
1998-01-16,29.732
1998-01-23,34.386
1998-02-13,30.072
1998-02-20,28.322
1998-02-27,31.675
1998-03-06,34.589
1998-03-13,36.832
1998-03-20,33.886
1998-03-27,31.853
1998-04-03,26.596
1998-04-10,23.149
1998-04-17,20.2
1998-04-24,23.081
1998-04-30,26.734
1998-05-08,23.254
1998-05-15,24.899
1998-05-22,24.357
1998-05-29,20.195
1998-06-05,19.797
1998-06-12,20.897
1998-06-19,27.868
1998-06-26,25.882
1998-07-03,28.365
1998-07-10,29.296
1998-07-17,26.362
1998-07-24,26.221
1998-07-31,25.679
1998-08-07,24.61
1998-08-14,28.799
1998-08-21,24.828
1998-08-28,29.645
1998-09-04,22.917
1998-09-11,23.352
1998-09-18,24.141
1998-09-25,25.309
1998-09-30,28.928
1998-10-09,25.998
1998-10-16,23.21
1998-10-23,28.16
1998-10-30,28.179
1998-11-06,27.537
1998-11-13,26.938
1998-11-20,28.635
1998-11-27,26.618
1998-12-04,29.429
1998-12-11,29.593
1998-12-18,30.728
1998-12-25,31.889
1998-12-31,29.0
1999-01-08,34.705
1999-01-15,34.799
1999-01-22,33.236
1999-01-29,32.715
1999-02-05,31.84
1999-02-09,30.645
1999-03-05,27.228
1999-03-12,27.875
1999-03-19,29.314
1999-03-26,29.543
1999-04-02,27.994
1999-04-09,28.42
1999-04-16,27.292
1999-04-23,28.127
1999-04-30,31.03
1999-05-07,34.886
1999-05-14,31.08
1999-05-21,31.671
1999-05-28,29.037
1999-06-04,33.176
1999-06-11,25.725
1999-06-18,21.919
1999-06-25,21.078
1999-07-02,25.201
1999-07-09,26.073
1999-07-16,31.115
1999-07-23,30.589
1999-07-30,26.327
1999-08-06,24.46
1999-08-13,27.655
1999-08-20,25.956
1999-08-27,25.755
1999-09-03,25.923
1999-09-10,27.441
1999-09-17,26.968
1999-09-24,32.77
1999-09-30,36.792
1999-10-08,33.581
1999-10-15,34.738
1999-10-22,33.063
1999-10-29,32.535
1999-11-05,36.874
1999-11-12,47.093
1999-11-19,34.531
1999-11-26,31.986
1999-12-03,28.926
1999-12-10,31.299
1999-12-17,32.037
1999-12-24,32.427
1999-12-30,36.489
2000-01-07,32.796
2000-01-14,31.9
2000-01-21,30.996
2000-01-28,29.24
2000-02-18,27.804
2000-02-25,30.474
2000-03-03,29.887
2000-03-10,32.467
2000-03-17,27.316
2000-03-24,24.733
2000-03-31,19.495
2000-04-07,22.487
2000-04-14,23.311
2000-04-21,24.27
2000-04-28,29.2
2000-05-12,30.704
2000-05-19,31.068
2000-05-26,24.379
2000-06-02,25.945
2000-06-09,26.24
2000-06-16,26.634
2000-06-23,25.196
2000-06-30,24.094
2000-07-07,25.191
2000-07-14,25.922
2000-07-21,25.56
2000-07-28,25.242
2000-08-04,24.602
2000-08-11,24.287
2000-08-18,21.781
2000-08-25,20.9
2000-09-01,20.96
2000-09-08,27.859
2000-09-15,28.714
2000-09-22,29.827
2000-09-29,32.225
2000-10-13,26.108
2000-10-20,26.383
2000-10-27,24.164
2000-11-03,27.895
2000-11-10,23.407
2000-11-17,22.564
2000-11-24,21.331
2000-12-01,22.58
2000-12-08,21.098
2000-12-15,27.266
2000-12-22,28.316
2000-12-29,26.585
2001-01-05,23.774
2001-01-12,23.996
2001-01-19,26.872
2001-02-09,29.242
2001-02-16,28.057
2001-02-23,28.708
2001-03-02,33.824
2001-03-09,31.833
2001-03-16,29.051
2001-03-23,24.919
2001-03-30,24.036
2001-04-06,21.932
2001-04-13,23.256
2001-04-20,21.953
2001-04-27,23.207
2001-04-30,32.121
2001-05-11,27.142
2001-05-18,26.566
2001-05-25,20.422
2001-06-01,22.204
2001-06-08,21.492
2001-06-15,19.893
2001-06-22,22.905
2001-06-29,24.33
2001-07-06,25.625
2001-07-13,29.864
2001-07-20,32.422
2001-07-27,28.316
2001-08-03,25.31
2001-08-10,34.743
2001-08-17,31.439
2001-08-24,39.485
2001-08-31,36.898
2001-09-07,35.968
2001-09-14,36.479
2001-09-21,31.023
2001-09-28,33.675
2001-10-12,31.017
2001-10-19,33.137
2001-10-26,29.761
2001-11-02,29.846
2001-11-09,31.377
2001-11-16,30.077
2001-11-23,26.617
2001-11-30,25.785
2001-12-07,26.323
2001-12-14,27.717
2001-12-21,29.434
2001-12-28,31.772
2002-01-04,33.886
2002-01-11,31.582
2002-01-18,30.522
2002-01-25,27.397
2002-02-01,27.431
2002-02-08,27.788
2002-03-01,28.821
2002-03-08,26.602
2002-03-15,26.0
2002-03-22,28.264
2002-03-29,27.053
2002-04-05,26.16
2002-04-12,30.341
2002-04-19,30.86
2002-04-26,28.648
2002-04-30,25.955
2002-05-10,30.577
2002-05-17,28.758
2002-05-24,30.448
2002-05-31,27.897
2002-06-07,30.707
2002-06-14,32.866
2002-06-21,29.344
2002-06-28,29.471
2002-07-05,34.658
2002-07-12,32.863
2002-07-19,32.724
2002-07-26,33.562
2002-08-02,36.867
2002-08-09,35.557
2002-08-16,37.029
2002-08-23,37.474
2002-08-30,32.91
2002-09-06,32.232
2002-09-13,32.629
2002-09-20,36.181
2002-09-27,33.551
2002-10-11,47.277
2002-10-18,37.986
2002-10-25,34.813
2002-11-01,36.349
2002-11-08,37.541
2002-11-15,37.128
2002-11-22,34.371
2002-11-29,34.49
2002-12-06,33.092
2002-12-13,32.334
2002-12-20,29.135
2002-12-27,29.795
2003-01-03,29.785
2003-01-10,38.271
2003-01-17,37.521
2003-01-24,36.346
2003-01-29,34.778
2003-02-14,29.09
2003-02-21,27.333
2003-02-28,27.944
2003-03-07,31.038
2003-03-14,30.748
2003-03-21,35.58
2003-03-28,38.848
2003-04-04,37.799
2003-04-11,43.491
2003-04-18,39.592
2003-04-25,39.377
2003-04-30,47.353
2003-05-16,45.27
2003-05-23,41.291
2003-05-30,37.516
2003-06-06,35.445
2003-06-13,39.256
2003-06-20,37.052
2003-06-27,40.996
2003-07-04,42.964
2003-07-11,41.753
2003-07-18,41.772
2003-07-25,44.008
2003-08-01,41.683
2003-08-08,36.303
2003-08-15,39.544
2003-08-22,40.081
2003-08-29,37.375
2003-09-05,38.386
2003-09-12,45.17
2003-09-19,46.079
2003-09-26,40.888
2003-09-30,41.56
2003-10-10,44.819
2003-10-17,41.608
2003-10-24,42.684
2003-10-31,42.929
2003-11-07,46.378
2003-11-14,42.0
2003-11-21,40.122
2003-11-28,35.311
2003-12-05,38.879
2003-12-12,43.14
2003-12-19,38.201
2003-12-26,42.401
2004-01-02,42.2
2004-01-09,43.609
2004-01-16,39.288
2004-01-30,38.157
2004-02-06,35.184
2004-02-13,32.593
2004-02-20,30.407
2004-02-27,34.268
2004-03-05,31.63
2004-03-12,36.261
2004-03-19,33.642
2004-03-26,29.857
2004-04-02,27.431
2004-04-09,25.141
2004-04-16,27.567
2004-04-23,33.772
2004-04-30,34.698
2004-05-14,35.369
2004-05-21,36.84
2004-05-28,33.861
2004-06-04,36.325
2004-06-11,38.937
2004-06-18,40.906
2004-06-25,40.257
2004-07-02,41.797
2004-07-09,40.653
2004-07-16,39.72
2004-07-23,38.599
2004-07-30,39.42
2004-08-06,39.66
2004-08-13,39.837
2004-08-20,37.441
2004-08-27,34.279
2004-09-03,37.782
2004-09-10,40.0
2004-09-17,32.515
2004-09-24,33.736
2004-09-30,37.96
2004-10-08,41.455
2004-10-15,37.458
2004-10-22,38.483
2004-10-29,37.058
2004-11-05,38.62
2004-11-12,33.436
2004-11-19,31.227
2004-11-26,28.67
2004-12-03,33.267
2004-12-10,36.171
2004-12-17,39.475
2004-12-24,40.752
2004-12-31,40.292
2005-01-07,43.006
2005-01-14,36.806
2005-01-21,39.48
2005-01-28,37.829
2005-02-04,41.326
2005-02-18,41.508
2005-02-25,34.628
2005-03-04,33.753
2005-03-11,33.873
2005-03-18,34.733
2005-03-25,36.148
2005-04-01,35.652
2005-04-08,37.005
2005-04-15,34.405
2005-04-22,35.331
2005-04-29,35.698
2005-05-13,40.309
2005-05-20,36.713
2005-05-27,34.692
2005-06-03,39.24
2005-06-10,40.971
2005-06-17,42.268
2005-06-24,41.822
2005-07-01,37.574
2005-07-08,37.025
2005-07-15,39.508
2005-07-22,39.838
2005-07-29,39.078
2005-08-05,33.917
2005-08-12,30.952
2005-08-19,31.325
2005-08-26,32.526
2005-09-02,26.106
2005-09-09,26.214
2005-09-16,23.818
2005-09-23,25.799
2005-09-30,29.133
2005-10-14,29.38
2005-10-21,27.43
2005-10-28,31.243
2005-11-04,32.894
2005-11-11,29.428
2005-11-18,32.083
2005-11-25,38.078
2005-12-02,38.911
2005-12-09,42.436
2005-12-16,39.468
2005-12-23,36.341
2005-12-30,38.456
2006-01-06,40.583
2006-01-13,32.329
2006-01-20,31.542
2006-01-25,33.332
2006-02-10,34.911
2006-02-17,33.89
2006-02-24,40.176
2006-03-03,40.596
2006-03-10,40.081
2006-03-17,37.17
2006-03-24,35.445
2006-03-31,36.881
2006-04-07,32.56
2006-04-14,30.826
2006-04-21,37.023
2006-04-28,38.22
2006-05-12,32.097
2006-05-19,31.665
2006-05-26,30.496
2006-06-02,26.853
2006-06-09,27.311
2006-06-16,32.159
2006-06-23,29.997
2006-06-30,27.067
2006-07-07,29.446
2006-07-14,26.97
2006-07-21,26.596
2006-07-28,23.79
2006-08-04,31.877
2006-08-11,31.482
2006-08-18,30.774
2006-08-25,31.545
2006-09-01,27.461
2006-09-08,29.043
2006-09-15,34.19
2006-09-22,29.616
2006-09-29,29.581
2006-10-13,29.481
2006-10-20,29.531
2006-10-27,35.217
2006-11-03,38.557
2006-11-10,42.752
2006-11-17,46.009
2006-11-24,44.246
2006-12-01,36.277
2006-12-08,38.497
2006-12-15,40.727
2006-12-22,34.495
2006-12-29,43.425
2007-01-05,47.427
2007-01-12,36.891
2007-01-19,33.293
2007-01-26,34.253
2007-02-02,35.402
2007-02-09,36.69
2007-02-16,29.464
2007-03-02,30.422
2007-03-09,30.042
2007-03-16,25.443
2007-03-23,29.032
2007-03-30,31.071
2007-04-06,29.276
2007-04-13,27.953
2007-04-20,26.635
2007-04-27,27.491
2007-04-30,30.108
2007-05-11,30.201
2007-05-18,29.073
2007-05-25,25.225
2007-06-01,29.942
2007-06-08,30.946
2007-06-15,26.738
2007-06-22,28.62
2007-06-29,32.922
2007-07-06,32.89
2007-07-13,33.403
2007-07-20,38.274
2007-07-27,33.331
2007-08-03,31.198
2007-08-10,35.204
2007-08-17,36.69
2007-08-24,32.035
2007-08-31,31.738
2007-09-07,29.5
2007-09-14,30.903
2007-09-21,32.89
2007-09-28,35.395
2007-10-12,42.045
2007-10-19,42.92
2007-10-26,41.249
2007-11-02,44.929
2007-11-09,53.04
2007-11-16,45.98
2007-11-23,38.736
2007-11-30,44.529
2007-12-07,42.878
2007-12-14,37.917
2007-12-21,34.623
2007-12-28,36.98
2008-01-04,34.13
2008-01-11,33.997
2008-01-18,31.782
2008-01-25,33.214
2008-02-01,36.317
2008-02-05,44.281
2008-02-15,37.885
2008-02-22,33.398
2008-02-29,33.389
2008-03-07,31.319
2008-03-14,38.436
2008-03-21,38.205
2008-03-28,41.992
2008-04-03,44.842
2008-04-11,40.568
2008-04-18,43.181
2008-04-25,45.689
2008-04-30,45.561
2008-05-09,40.063
2008-05-16,31.576
2008-05-23,34.942
2008-05-30,36.23
2008-06-06,38.296
2008-06-13,40.101
2008-06-20,40.017
2008-06-27,39.474
2008-07-04,41.701
2008-07-11,36.175
2008-07-18,36.189
2008-07-25,36.208
2008-08-01,33.661
2008-08-08,37.298
2008-08-15,37.744
2008-08-22,40.71
2008-08-29,41.458
2008-09-05,37.857
2008-09-12,41.146
2008-09-19,43.326
2008-09-26,48.372
2008-10-10,49.095
2008-10-17,50.411
2008-10-24,48.749
2008-10-31,50.6
2008-11-07,47.952
2008-11-14,42.979
2008-11-21,39.643
2008-11-28,42.029
2008-12-05,35.104
2008-12-12,36.518
2008-12-19,34.538
2008-12-26,33.132
2008-12-31,38.071
2009-01-09,36.547
2009-01-16,35.367
2009-01-23,36.48
2009-02-06,31.111
2009-02-13,31.357
2009-02-20,32.211
2009-02-27,32.67
2009-03-06,36.183
2009-03-13,34.927
2009-03-20,34.533
2009-03-27,35.152
2009-04-03,33.992
2009-04-10,33.242
2009-04-17,30.037
2009-04-24,28.98
2009-04-30,32.168
2009-05-08,30.871
2009-05-15,33.412
2009-05-22,32.071
2009-05-27,33.965
2009-06-05,37.42
2009-06-12,33.435
2009-06-19,37.204
2009-06-26,37.082
2009-07-03,36.119
2009-07-10,33.242
2009-07-17,30.825
2009-07-24,33.248
2009-07-31,36.891
2009-08-07,31.98
2009-08-14,35.185
2009-08-21,38.138
2009-08-28,32.335
2009-09-04,38.404
2009-09-11,34.59
2009-09-18,29.97
2009-09-25,33.696
2009-09-30,35.819
2009-10-09,38.47
2009-10-16,34.216
2009-10-23,30.363
2009-10-30,29.991
2009-11-06,26.279
2009-11-13,26.757
2009-11-20,25.834
2009-11-27,27.483
2009-12-04,28.007
2009-12-11,28.366
2009-12-18,31.26
2009-12-25,31.593
2009-12-31,33.217
2010-01-08,29.72
2010-01-15,28.58
2010-01-22,26.042
2010-01-29,30.37
2010-02-05,30.563
2010-02-12,29.121
2010-02-26,26.894
2010-03-05,24.177
2010-03-12,25.307
2010-03-19,25.783
2010-03-26,23.513
2010-04-02,24.016
2010-04-09,21.514
2010-04-16,22.194
2010-04-23,25.245
2010-04-30,24.765
2010-05-07,29.422
2010-05-14,29.455
2010-05-21,30.613
2010-05-28,27.536
2010-06-04,28.024
2010-06-11,25.795
2010-06-18,26.377
2010-06-25,27.428
2010-07-02,26.543
2010-07-09,26.472
2010-07-16,28.216
2010-07-23,26.926
2010-07-30,23.887
2010-08-06,23.648
2010-08-13,24.237
2010-08-20,25.428
2010-08-27,25.386
2010-09-03,24.346
2010-09-10,25.148
2010-09-17,25.018
2010-09-21,28.444
2010-09-30,32.391
2010-10-08,35.549
2010-10-15,36.248
2010-10-22,35.583
2010-10-29,31.724
2010-11-05,30.679
2010-11-12,27.511
2010-11-19,30.629
2010-11-26,27.905
2010-12-03,28.545
2010-12-10,32.987
2010-12-17,30.017
2010-12-24,30.054
2010-12-31,33.745
2011-01-07,35.532
2011-01-14,33.252
2011-01-21,36.008
2011-01-28,38.211
2011-02-01,41.129
2011-02-11,36.304
2011-02-18,34.2
2011-02-25,30.305
2011-03-04,32.128
2011-03-11,31.152
2011-03-18,29.779
2011-03-25,30.876
2011-04-01,32.166
2011-04-08,37.044
2011-04-15,32.9
2011-04-22,29.464
2011-04-29,31.155
2011-05-06,34.918
2011-05-13,31.26
2011-05-20,31.078
2011-05-27,33.885
2011-06-03,35.59
2011-06-10,37.073
2011-06-17,37.805
2011-06-24,36.513
2011-07-01,33.406
2011-07-08,30.905
2011-07-15,28.615
2011-07-22,28.033
2011-07-29,29.565
2011-08-05,28.371
2011-08-12,30.501
2011-08-19,29.388
2011-08-26,28.763
2011-09-02,29.236
2011-09-09,31.975
2011-09-16,33.725
2011-09-23,33.639
2011-09-30,34.606
2011-10-14,35.471
2011-10-21,34.962
2011-10-28,32.846
2011-11-04,28.21
2011-11-11,27.839
2011-11-18,25.96
2011-11-25,28.116
2011-12-02,29.035
2011-12-09,31.515
2011-12-16,32.546
2011-12-23,33.235
2011-12-30,32.767
2012-01-06,34.278
2012-01-13,33.791
2012-01-20,38.196
2012-02-03,35.924
2012-02-10,31.721
2012-02-17,27.693
2012-02-24,28.604
2012-03-02,29.492
2012-03-09,29.55
2012-03-16,29.446
2012-03-23,31.835
2012-03-30,32.432
2012-04-06,35.979
2012-04-13,31.196
2012-04-20,30.324
2012-04-27,31.358
2012-05-04,36.4
2012-05-11,34.269
2012-05-18,35.855
2012-05-25,37.696
2012-06-01,34.765
2012-06-08,37.312
2012-06-15,34.435
2012-06-21,31.74
2012-06-29,33.05
2012-07-06,34.27
2012-07-13,37.583
2012-07-20,36.319
2012-07-27,35.482
2012-08-03,36.057
2012-08-10,33.874
2012-08-17,35.197
2012-08-24,32.355
2012-08-31,33.291
2012-09-07,32.554
2012-09-14,30.8
2012-09-21,35.266
2012-09-28,38.596
2012-10-12,33.716
2012-10-19,32.569
2012-10-26,30.802
2012-11-02,34.749
2012-11-09,33.534
2012-11-16,34.229
2012-11-23,36.581
2012-11-30,35.854
2012-12-07,40.358
2012-12-14,35.942
2012-12-21,37.937
2012-12-28,32.549
2013-01-04,36.016
2013-01-11,30.136
2013-01-18,30.19
2013-01-25,34.117
2013-02-01,38.571
2013-02-08,39.457
2013-02-22,33.176
2013-03-01,34.584
2013-03-08,34.413
2013-03-15,34.852
2013-03-22,36.148
2013-03-29,35.631
2013-04-03,34.007
2013-04-12,36.123
2013-04-19,38.145
2013-04-26,34.948
2013-05-03,37.918
2013-05-10,32.909
2013-05-17,31.486
2013-05-24,28.76
2013-05-31,28.97
2013-06-07,29.938
2013-06-14,34.735
2013-06-21,33.588
2013-06-28,36.233
2013-07-05,33.781
2013-07-12,35.774
2013-07-19,32.488
2013-07-26,32.393
2013-08-02,31.839
2013-08-09,28.794
2013-08-16,31.671
2013-08-23,31.695
2013-08-30,29.621
2013-09-06,33.315
2013-09-13,37.383
2013-09-18,39.004
2013-09-27,36.653
2013-09-30,39.481
2013-10-11,35.116
2013-10-18,31.267
2013-10-25,32.228
2013-11-01,36.052
2013-11-08,34.575
2013-11-15,34.995
2013-11-22,34.822
2013-11-29,31.441
2013-12-06,32.422
2013-12-13,30.767
2013-12-20,32.225
2013-12-27,30.687
2014-01-03,29.164
2014-01-10,29.954
2014-01-17,30.175
2014-01-24,29.894
2014-01-30,30.294
2014-02-07,31.567
2014-02-14,25.541
2014-02-21,24.788
2014-02-28,27.378
2014-03-07,27.209
2014-03-14,28.748
2014-03-21,26.767
2014-03-28,28.08
2014-04-04,29.728
2014-04-11,33.332
2014-04-18,28.988
2014-04-25,29.596
2014-04-30,30.419
2014-05-09,29.61
2014-05-16,30.27
2014-05-23,29.303
2014-05-30,30.58
2014-06-06,31.25
2014-06-13,30.988
2014-06-20,29.466
2014-06-27,27.678
2014-07-04,26.473
2014-07-11,28.654
2014-07-18,27.418
2014-07-25,29.705
2014-08-01,30.398
2014-08-08,29.096
2014-08-15,26.092
2014-08-22,25.831
2014-08-29,28.261
2014-09-05,26.949
2014-09-12,24.419
2014-09-19,23.257
2014-09-26,24.757
2014-09-30,24.193
2014-10-10,24.021
2014-10-17,25.17
2014-10-24,26.232
2014-10-31,27.596
2014-11-07,29.719
2014-11-14,35.084
2014-11-21,32.519
2014-11-28,35.248
2014-12-05,41.529
2014-12-12,44.821
2014-12-19,47.131
2014-12-26,52.127
2014-12-31,54.519
2015-01-09,49.69
2015-01-16,49.383
2015-01-23,44.335
2015-01-30,40.382
2015-02-06,41.093
2015-02-13,42.682
2015-02-17,36.795
2015-02-27,38.175
2015-03-06,32.067
2015-03-13,35.187
2015-03-20,34.404
2015-03-27,32.153
2015-04-03,33.422
2015-04-10,34.7
2015-04-17,36.196
2015-04-24,39.523
2015-04-30,40.355
2015-05-08,38.709
2015-05-15,32.32
2015-05-22,28.269
2015-05-29,29.213
2015-06-05,27.395
2015-06-12,30.465
2015-06-19,27.998
2015-06-26,32.774
2015-07-03,35.989
2015-07-10,51.01
2015-07-17,33.742
2015-07-24,27.148
2015-07-31,28.477
2015-08-07,25.266
2015-08-14,25.974
2015-08-21,25.594
2015-08-28,30.734
2015-09-02,35.647
2015-09-11,28.38
2015-09-18,28.648
2015-09-25,27.518
2015-09-30,27.404
2015-10-09,24.694
2015-10-16,23.801
2015-10-23,25.399
2015-10-30,24.201
2015-11-06,26.368
2015-11-13,25.082
2015-11-20,24.577
2015-11-27,21.774
2015-12-04,24.455
2015-12-11,24.354
2015-12-18,24.339
2015-12-25,24.81
2015-12-31,22.294
2016-01-08,23.474
2016-01-15,24.599
2016-01-22,24.133
2016-01-29,24.066
2016-02-05,24.758
2016-02-19,23.954
2016-02-26,22.317
2016-03-04,24.234
2016-03-11,24.902
2016-03-18,25.281
2016-03-25,26.405
2016-04-01,24.609
2016-04-08,22.912
2016-04-15,21.813
2016-04-22,23.03
2016-04-29,23.693
2016-05-06,23.53
2016-05-13,26.213
2016-05-20,30.031
2016-05-27,29.652
2016-06-03,26.916
2016-06-08,27.634
2016-06-17,27.741
2016-06-24,25.179
2016-07-01,23.39
2016-07-08,23.813
2016-07-15,23.495
2016-07-22,24.407
2016-07-29,23.3
2016-08-05,26.187
2016-08-12,28.114
2016-08-19,29.546
2016-08-26,27.644
2016-09-02,26.984
2016-09-09,25.061
2016-09-14,26.82
2016-09-23,26.94
2016-09-30,24.291
2016-10-14,23.164
2016-10-21,24.423
2016-10-28,25.149
2016-11-04,27.457
2016-11-11,27.44
2016-11-18,26.24
2016-11-25,26.381
2016-12-02,32.583
2016-12-09,32.058
2016-12-16,29.571
2016-12-23,28.522
2016-12-30,28.427
2017-01-06,25.92
2017-01-13,26.25
2017-01-20,27.01
2017-01-26,29.002
2017-02-03,32.706
2017-02-10,27.207
2017-02-17,28.113
2017-02-24,25.302
2017-03-03,25.978
2017-03-10,25.552
2017-03-17,27.142
2017-03-24,28.514
2017-03-31,28.63
2017-04-07,31.956
2017-04-14,33.343
2017-04-21,36.287
2017-04-28,37.326
2017-05-05,39.421
2017-05-12,36.02
2017-05-19,37.353
2017-05-26,36.118
2017-06-02,35.718
2017-06-09,33.917
2017-06-16,32.274
2017-06-23,34.17
2017-06-30,35.142
2017-07-07,33.097
2017-07-14,35.206
2017-07-21,37.865
2017-07-28,37.185
2017-08-04,38.087
2017-08-11,38.62
2017-08-18,36.217
2017-08-25,36.365
2017-09-01,36.553
2017-09-08,33.729
2017-09-15,35.515
2017-09-22,33.777
2017-09-29,34.431
2017-10-13,32.873
2017-10-20,32.654
2017-10-27,34.763
2017-11-03,37.637
2017-11-10,39.871
2017-11-17,39.8
2017-11-24,46.357
2017-12-01,44.297
2017-12-08,42.717
2017-12-15,42.699
2017-12-22,41.492
2017-12-29,40.604
2018-01-05,42.395
2018-01-12,42.003
2018-01-19,46.176
2018-01-26,46.286
2018-02-02,44.603
2018-02-09,51.569
2018-02-14,47.114
2018-02-23,47.003
2018-03-02,41.175
2018-03-09,38.667
2018-03-16,36.435
2018-03-23,35.446
2018-03-30,36.626
2018-04-04,33.642
2018-04-13,32.396
2018-04-20,37.802
2018-04-27,38.458
2018-05-04,36.147
2018-05-11,33.459
2018-05-18,34.643
2018-05-25,32.567
2018-06-01,34.614
2018-06-08,37.707
2018-06-15,38.501
2018-06-22,39.269
2018-06-29,40.151
2018-07-06,39.354
2018-07-13,37.948
2018-07-20,38.934
2018-07-27,37.509
2018-08-03,37.776
2018-08-10,38.366
2018-08-17,38.907
2018-08-24,40.452
2018-08-31,40.327
2018-09-07,39.89
2018-09-14,39.696
2018-09-21,38.755
2018-09-28,40.725
2018-10-12,39.666
2018-10-19,40.113
2018-10-26,42.967
2018-11-02,41.981
2018-11-09,35.584
2018-11-16,31.098
2018-11-23,31.688
2018-11-30,33.193
2018-12-07,34.427
2018-12-14,33.725
2018-12-21,36.189
2018-12-28,35.305
2019-01-04,38.277
2019-01-11,35.769
2019-01-18,36.348
2019-01-25,36.109
2019-02-01,37.048
2019-02-15,37.317
2019-02-22,35.343
2019-03-01,36.46
2019-03-08,33.702
2019-03-15,32.674
2019-03-22,32.171
2019-03-29,33.017
2019-04-04,32.803
2019-04-12,32.229
2019-04-19,33.843
2019-04-26,35.066
2019-04-30,36.248
2019-05-10,37.476
2019-05-17,37.13
2019-05-24,39.134
2019-05-31,38.406
2019-06-06,38.058
2019-06-14,38.524
2019-06-21,37.956
2019-06-28,37.237
2019-07-05,37.23
2019-07-12,37.757
2019-07-19,38.487
2019-07-26,41.582
2019-08-02,41.162
2019-08-09,42.516
2019-08-16,42.36
2019-08-23,38.166
2019-08-30,37.734
2019-09-06,37.633
2019-09-12,37.045
2019-09-20,35.863
2019-09-27,37.743
2019-09-30,40.159
2019-10-11,39.924
2019-10-18,36.595
2019-10-25,37.768
2019-11-01,38.699
2019-11-08,40.193
2019-11-15,39.643
2019-11-22,40.037
2019-11-29,41.092
2019-12-06,41.461
2019-12-13,39.883
2019-12-20,37.906
2019-12-27,36.954
2020-01-03,37.338
2020-01-10,33.884
2020-01-17,36.442
2020-01-23,38.22
2020-02-07,39.692
2020-02-14,39.346
2020-02-21,37.127
2020-02-28,37.648
2020-03-06,36.904
2020-03-13,36.129
2020-03-20,39.736
2020-03-27,37.973
2020-04-03,39.908
2020-04-10,36.88
2020-04-17,38.738
2020-04-24,36.59
2020-04-30,37.755
2020-05-08,39.312
2020-05-15,38.712
2020-05-22,39.135
2020-05-29,36.552
2020-06-05,37.064
2020-06-12,38.155
2020-06-19,38.004
2020-06-24,40.692
2020-07-03,40.29
2020-07-10,37.882
2020-07-17,37.961
2020-07-24,38.026
2020-07-31,39.091
2020-08-07,37.599
2020-08-14,37.14
2020-08-21,36.472
2020-08-28,35.378
2020-09-04,34.761
2020-09-11,33.408
2020-09-18,36.688
2020-09-25,37.039
2020-09-30,38.32
2020-10-09,40.429
2020-10-16,37.456
2020-10-23,36.837
2020-10-30,38.046
2020-11-06,39.858
2020-11-13,41.175
2020-11-20,39.589
2020-11-27,39.24
2020-12-04,41.704
2020-12-11,40.266
2020-12-18,42.896
2020-12-25,42.953
2020-12-31,44.12
2021-01-08,46.376
2021-01-15,50.963
2021-01-22,48.02
2021-01-29,49.863
2021-02-05,49.638
2021-02-10,53.617
2021-02-19,51.712
2021-02-26,48.853
2021-03-05,46.499
2021-03-12,46.549
2021-03-19,44.604
2021-03-26,41.832
2021-04-02,42.072
2021-04-09,40.517
2021-04-16,41.093
2021-04-23,42.542
2021-04-30,44.276
2021-05-07,47.094
2021-05-14,42.695
2021-05-21,43.73
2021-05-28,44.625
2021-06-04,42.03
2021-06-11,42.593
2021-06-18,45.043
2021-06-27,43.218
2021-07-02,43.868
2021-07-09,46.231
2021-07-16,45.176
2021-07-23,44.473
2021-07-30,46.415
2021-08-06,45.607
2021-08-13,43.601
2021-08-20,43.65
2021-08-27,42.89
2021-09-03,44.065
2021-09-10,41.753
2021-09-17,42.612
2021-09-24,41.898
2021-09-30,43.649
2021-10-08,44.899
2021-10-15,42.866
2021-10-22,43.703
2021-10-29,44.36
2021-11-05,42.608
2021-11-12,40.717
2021-11-19,36.696
2021-11-26,38.061
2021-12-03,36.584
2021-12-10,39.567
2021-12-17,36.707
2021-12-24,34.692
2021-12-31,35.719
2022-01-07,35.143
2022-01-14,34.636
2022-01-21,34.375
2022-01-28,36.99
2022-02-11,38.612
2022-02-18,38.496
2022-02-25,36.426
2022-03-04,37.364
2022-03-11,38.437
2022-03-18,40.173
2022-03-25,37.541
2022-04-01,38.21
2022-04-08,36.374
2022-04-15,37.798
2022-04-22,36.94
2022-04-29,39.165
2022-05-06,39.424
2022-05-13,38.293
2022-05-20,38.637
2022-05-27,37.285
2022-06-02,36.36
2022-06-10,39.153
2022-06-17,40.097
2022-06-24,38.738
2022-07-01,38.85
2022-07-08,40.819
2022-07-15,39.98
2022-07-22,35.684
2022-07-29,35.663
2022-08-05,35.093
2022-08-12,35.236
2022-08-19,35.163
2022-08-26,35.753
2022-09-02,35.226
2022-09-09,35.656
2022-09-16,35.91
2022-09-23,36.708
2022-09-30,36.849
2022-10-14,37.977
2022-10-21,35.002
2022-10-28,35.368
2022-11-04,36.668
2022-11-11,34.711
2022-11-18,34.977
2022-11-25,33.867
2022-12-02,35.893
2022-12-09,35.275
2022-12-16,34.51
2022-12-23,37.334
2022-12-30,36.956
2023-01-06,36.53
2023-01-13,38.247
2023-01-20,37.65
2023-02-03,34.551
2023-02-10,32.54
2023-02-17,33.035
2023-02-24,35.757
2023-03-03,35.887
2023-03-10,36.504
2023-03-17,38.405
2023-03-24,39.86
2023-03-31,41.333
2023-04-07,43.656
2023-04-14,41.887
2023-04-21,41.516
2023-04-28,42.194
2023-05-05,41.704
2023-05-12,42.733
2023-05-19,40.423
2023-05-26,38.891
2023-06-02,41.189
2023-06-09,39.525
2023-06-16,41.479
2023-06-21,43.467
2023-06-30,39.059
2023-07-07,37.613
2023-07-14,38.03
2023-07-21,36.648
2023-07-28,37.871
2023-08-04,40.727
2023-08-11,39.579
2023-08-18,38.301
2023-08-25,37.623
2023-09-01,36.085
2023-09-08,35.872
2023-09-15,36.68
2023-09-22,37.535
2023-09-28,39.601
2023-10-13,39.217
2023-10-20,41.288
2023-10-27,39.366
2023-11-03,36.739
2023-11-10,38.268
2023-11-17,36.127
2023-11-24,34.414
2023-12-01,34.492
2023-12-08,36.003
2023-12-15,35.822
2023-12-22,35.532
2023-12-29,35.9
2024-01-05,34.402
2024-01-12,34.75
2024-01-19,35.802
2024-01-26,36.537
2024-02-02,35.64
2024-02-08,33.142
2024-02-23,36.366
2024-03-01,35.928
2024-03-08,39.506
2024-03-15,38.746
2024-03-22,36.799
2024-03-29,37.174
2024-04-03,35.791
2024-04-12,36.132
2024-04-19,35.892
2024-04-26,37.017
2024-04-30,36.817
2024-05-10,34.334
2024-05-17,36.083
2024-05-24,36.192
2024-05-31,36.052
2024-06-07,36.16
2024-06-14,40.239
2024-06-21,38.993
2024-06-28,38.035
2024-07-05,38.104
2024-07-12,40.729
2024-07-19,43.891
2024-07-26,41.8
2024-08-02,39.424
2024-08-09,38.865
2024-08-16,36.978
2024-08-23,38.862
2024-08-30,39.056
2024-09-06,37.924
2024-09-13,39.96
2024-09-20,39.57
2024-09-27,40.059
2024-09-30,36.773
2024-10-11,39.62
2024-10-18,43.606
2024-10-25,40.271
2024-11-01,38.972
2024-11-08,41.152
2024-11-15,39.993
2024-11-22,38.748
2024-11-29,37.719
2024-12-06,35.719
2024-12-13,34.447
2024-12-20,36.845
2024-12-27,38.452
2025-01-03,37.837
2025-01-10,39.185
2025-01-17,40.199
2025-01-24,41.028
2025-01-27,41.528
2025-02-07,42.836
2025-02-14,41.866
2025-02-21,41.195
2025-02-28,39.386
2025-03-07,37.303
2025-03-14,35.416
2025-03-21,34.373
2025-03-28,32.063
2025-04-03,33.158
2025-04-11,35.718
2025-04-18,34.03
2025-04-25,33.216
2025-04-30,32.279
2025-05-09,32.652
2025-05-16,33.5
2025-05-23,30.596
2025-05-30,31.795
2025-06-06,31.839
2025-06-13,31.95
2025-06-20,33.806
2025-06-27,35.375
2025-07-04,32.935
2025-07-11,34.351
2025-07-18,34.272
2025-07-25,33.386
2025-08-01,35.149
2025-08-08,32.141
2025-08-15,35.06
2025-08-22,36.646
2025-08-29,38.599
2025-09-05,41.711
2025-09-12,41.747
2025-09-19,41.429
2025-09-26,43.912
2025-09-30,45.582
2025-10-10,44.958
2025-10-17,42.556
2025-10-24,41.558
2025-10-31,42.977
2025-11-07,39.795
2025-11-14,39.186
2025-11-21,38.662
2025-11-28,41.405
2025-12-05,40.264
2025-12-12,42.948
2025-12-19,41.148
2025-12-26,41.732
2025-12-31,43.25
2026-01-09,41.865
2026-01-16,39.436
2026-01-23,39.638
2026-01-30,40.749
2026-02-06,41.981
2026-02-13,41.366
2026-02-27,40.897
2026-03-06,39.978
2026-03-13,40.438
2026-03-20,41.348
2026-03-27,40.691
2026-04-03,40.607
2026-04-10,42.868
2026-04-17,43.813
2026-04-24,44.365
2026-04-30,43.255
2026-05-08,43.689
2026-05-15,43.846
2026-05-22,43.675
2026-05-29,47.119
2026-06-05,48.077
2026-06-12,47.125
2026-06-18,49.009
2026-06-26,50.535
2026-07-03,49.726
2026-07-10,50.156
2026-07-17,49.918
2026-07-24,49.982
2026-07-31,50.701
2026-08-07,49.226
2026-08-14,47.539
2026-08-21,47.023
2026-08-28,45.497
2026-09-04,42.107
2026-09-11,43.587
2026-09-17,45.944
2026-09-24,42.786
2026-09-30,41.684
