date,us10y
20221230,3.88
20221229,3.83
20221228,3.88
20221227,3.84
20221223,3.75
20221222,3.67
20221221,3.68
20221220,3.69
20221219,3.57
20221216,3.48
20221215,3.44
20221214,3.49
20221213,3.51
20221212,3.61
20221209,3.57
20221208,3.48
20221207,3.42
20221206,3.51
20221205,3.6
20221202,3.51
20221201,3.53
20221130,3.68
20221129,3.75
20221128,3.69
20221125,3.68
20221123,3.71
20221122,3.76
20221121,3.83
20221118,3.82
20221117,3.77
20221116,3.67
20221115,3.8
20221114,3.88
20221110,3.82
20221109,4.12
20221108,4.14
20221107,4.22
20221104,4.17
20221103,4.14
20221102,4.1
20221101,4.07
20221031,4.1
20221028,4.02
20221027,3.96
20221026,4.04
20221025,4.1
20221024,4.25
20221021,4.21
20221020,4.24
20221019,4.14
20221018,4.01
20221017,4.02
20221014,4.0
20221013,3.97
20221012,3.91
20221011,3.93
20221007,3.89
20221006,3.83
20221005,3.76
20221004,3.62
20221003,3.67
20220930,3.83
20220929,3.76
20220928,3.72
20220927,3.97
20220926,3.88
20220923,3.69
20220922,3.7
20220921,3.51
20220920,3.57
20220919,3.49
20220916,3.45
20220915,3.45
20220914,3.41
20220913,3.42
20220912,3.37
20220909,3.33
20220908,3.29
20220907,3.27
20220906,3.33
20220902,3.2
20220901,3.26
20220831,3.15
20220830,3.11
20220829,3.12
20220826,3.04
20220825,3.03
20220824,3.11
20220823,3.05
20220822,3.03
20220819,2.98
20220818,2.88
20220817,2.89
20220816,2.82
20220815,2.79
20220812,2.84
20220811,2.87
20220810,2.78
20220809,2.8
20220808,2.77
20220805,2.83
20220804,2.68
20220803,2.73
20220802,2.75
20220801,2.6
20220729,2.67
20220728,2.68
20220727,2.78
20220726,2.81
20220725,2.81
20220722,2.77
20220721,2.91
20220720,3.04
20220719,3.01
20220718,2.96
20220715,2.93
20220714,2.96
20220713,2.91
20220712,2.96
20220711,2.99
20220708,3.09
20220707,3.01
20220706,2.93
20220705,2.82
20220701,2.88
20220630,2.98
20220629,3.1
20220628,3.2
20220627,3.2
20220624,3.13
20220623,3.09
20220622,3.16
20220621,3.31
20220617,3.25
20220616,3.28
20220615,3.33
20220614,3.49
20220613,3.43
20220610,3.15
20220609,3.04
20220608,3.03
20220607,2.98
20220606,3.04
20220603,2.96
20220602,2.92
20220601,2.94
20220531,2.85
20220527,2.74
20220526,2.75
20220525,2.75
20220524,2.76
20220523,2.86
20220520,2.78
20220519,2.84
20220518,2.89
20220517,2.98
20220516,2.88
20220513,2.93
20220512,2.84
20220511,2.91
20220510,2.99
20220509,3.05
20220506,3.12
20220505,3.05
20220504,2.93
20220503,2.97
20220502,2.99
20220429,2.89
20220428,2.85
20220427,2.82
20220426,2.77
20220425,2.81
20220422,2.9
20220421,2.9
20220420,2.85
20220419,2.93
20220418,2.85
20220414,2.83
20220413,2.7
20220412,2.72
20220411,2.79
20220408,2.72
20220407,2.66
20220406,2.61
20220405,2.54
20220404,2.42
20220401,2.39
20220331,2.32
20220330,2.35
20220329,2.41
20220328,2.46
20220325,2.48
20220324,2.34
20220323,2.32
20220322,2.38
20220321,2.32
20220318,2.14
20220317,2.2
20220316,2.19
20220315,2.15
20220314,2.14
20220311,2.0
20220310,1.98
20220309,1.94
20220308,1.86
20220307,1.78
20220304,1.74
20220303,1.86
20220302,1.86
20220301,1.72
20220228,1.83
20220225,1.97
20220224,1.96
20220223,1.99
20220222,1.94
20220218,1.92
20220217,1.97
20220216,2.03
20220215,2.05
20220214,1.98
20220211,1.92
20220210,2.03
20220209,1.94
20220208,1.96
20220207,1.92
20220204,1.93
20220203,1.82
20220202,1.78
20220201,1.81
20220131,1.79
20220128,1.78
20220127,1.81
20220126,1.85
20220125,1.78
20220124,1.75
20220121,1.75
20220120,1.83
20220119,1.83
20220118,1.87
20220114,1.78
20220113,1.7
20220112,1.74
20220111,1.75
20220110,1.78
20220107,1.76
20220106,1.73
20220105,1.71
20220104,1.66
20220103,1.63
